'Date, 'Time, 'Latitude, 'Longitude, 'SOG, 'COG, 'TWS, 'TWA, 'TWD, 'Comment, 
'Date, 'Time, 'Latitude, 'Longitude, 'SOG, 'COG, 'TWS, 'TWA, 'TWD, 'Comment, 
18/08/2026, 06:00:00 UTC, 38° 19.080' N, 026° 41.698' E, 00.2, 356° M, 02.7, 051° Port, 040° M, , 
'Date, 'Time, 'Latitude, 'Longitude, 'SOG, 'COG, 'TWS, 'TWA, 'TWD, 'Comment, 
18/08/2026, 06:00:30 UTC, 38° 19.080' N, 026° 41.698' E, 00.2, 350° M, 01.9, 003° Port, 039° M, , 
18/08/2026, 06:01:01 UTC, 38° 19.080' N, 026° 41.698' E, 00.0, 350° M, 02.7, 040° Port, 038° M, , 
18/08/2026, 06:01:18 UTC, 38° 19.080' N, 026° 41.698' E, - - - - -, - - - - -, 03.5, 046° Stbd, 038° M, , 
18/08/2026, 06:01:50 UTC, 38° 19.080' N, 026° 41.698' E, 00.3, 356° M, 00.4, 040° Stbd, 038° M, , 
18/08/2026, 06:02:20 UTC, 38° 19.080' N, 026° 41.698' E, 00.0, 352° M, 02.1, 036° Stbd, 036° M, , 
18/08/2026, 06:02:50 UTC, 38° 19.080' N, 026° 41.698' E, 00.1, 357° M, 00.5, 046° Port, 038° M, , 
18/08/2026, 06:03:15 UTC, 38° 19.080' N, 026° 41.698' E, 00.1, 356° M, 00.4, 017° Stbd, 041° M, , 
18/08/2026, 06:03:45 UTC, 38° 19.080' N, 026° 41.698' E, 00.2, 355° M, 01.6, 044° Stbd, 048° M, , 
18/08/2026, 06:04:02 UTC, 38° 19.080' N, 026° 41.698' E, 00.3, 355° M, 01.4, 052° Stbd, 051° M, , 
18/08/2026, 06:04:19 UTC, 38° 19.080' N, 026° 41.698' E, 00.3, 350° M, 01.7, 041° Stbd, 038° M, , 
18/08/2026, 06:04:48 UTC, 38° 19.080' N, 026° 41.698' E, 00.3, 358° M, 01.4, 034° Port, 042° M, , 
18/08/2026, 06:05:05 UTC, 38° 19.080' N, 026° 41.698' E, 00.3, 358° M, 02.1, 031° Port, 042° M, , 
18/08/2026, 06:05:30 UTC, 38° 19.080' N, 026° 41.698' E, 00.3, 350° M, 02.4, 007° Stbd, 040° M, , 
18/08/2026, 06:06:01 UTC, 38° 19.080' N, 026° 41.698' E, 00.0, 359° M, 02.9, 046° Port, 039° M, , 
18/08/2026, 06:06:30 UTC, 38° 19.080' N, 026° 41.698' E, 00.2, 350° M, 00.4, 013° Port, 029° M, , 
18/08/2026, 06:07:01 UTC, 38° 19.080' N, 026° 41.698' E, 00.2, 354° M, 00.5, 011° Port, 042° M, , 
18/08/2026, 06:07:31 UTC, 38° 19.080' N, 026° 41.698' E, 00.2, 352° M, 00.4, 016° Port, 045° M, , 
18/08/2026, 06:07:48 UTC, 38° 19.080' N, 026° 41.698' E, 00.2, 355° M, 01.7, 034° Stbd, 052° M, , 
18/08/2026, 06:08:18 UTC, 38° 19.080' N, 026° 41.698' E, 00.2, 355° M, 00.4, 031° Port, 045° M, , 
18/08/2026, 06:08:47 UTC, 38° 19.080' N, 026° 41.698' E, 00.0, 356° M, 01.7, 010° Stbd, 044° M, , 
18/08/2026, 06:09:18 UTC, 38° 19.080' N, 026° 41.698' E, 00.1, 352° M, 04.5, 053° Port, 033° M, , 
18/08/2026, 06:09:48 UTC, 38° 19.080' N, 026° 41.698' E, 00.0, 358° M, 02.3, 029° Stbd, 056° M, , 
18/08/2026, 06:10:19 UTC, 38° 19.080' N, 026° 41.698' E, 00.1, 351° M, 01.3, 012° Port, 033° M, , 
18/08/2026, 06:10:44 UTC, 38° 19.080' N, 026° 41.698' E, 00.2, 359° M, 02.0, 024° Port, 041° M, , 
18/08/2026, 06:11:14 UTC, 38° 19.080' N, 026° 41.698' E, 00.0, 350° M, 01.0, 047° Stbd, 044° M, , 
18/08/2026, 06:11:44 UTC, 38° 19.080' N, 026° 41.698' E, 00.1, 357° M, 02.7, 030° Port, 044° M, , 
18/08/2026, 06:12:13 UTC, 38° 19.080' N, 026° 41.698' E, 00.2, 354° M, 02.0, 049° Port, 044° M, , 
18/08/2026, 06:12:30 UTC, 38° 19.080' N, 026° 41.698' E, 00.2, 359° M, 01.6, 011° Port, 049° M, , 
18/08/2026, 06:12:58 UTC, 38° 19.080' N, 026° 41.698' E, 00.1, 354° M, 02.7, 033° Port, 034° M, , 
18/08/2026, 06:13:28 UTC, 38° 19.080' N, 026° 41.698' E, 00.2, 358° M, 01.9, 044° Stbd, 037° M, , 
18/08/2026, 06:13:59 UTC, 38° 19.080' N, 026° 41.698' E, 00.3, 358° M, 02.8, 044° Port, 057° M, , 
18/08/2026, 06:14:32 UTC, 38° 19.080' N, 026° 41.698' E, 00.2, 354° M, 03.6, 038° Stbd, 044° M, , 
18/08/2026, 06:15:00 UTC, 38° 19.080' N, 026° 41.698' E, - - - - -, - - - - -, 02.8, 011° Stbd, 033° M, , 
18/08/2026, 06:15:25 UTC, 38° 19.080' N, 026° 41.698' E, 00.1, 355° M, 02.3, 027° Port, 033° M, , 
18/08/2026, 06:15:55 UTC, 38° 19.080' N, 026° 41.698' E, 00.0, 352° M, 02.7, 069° Stbd, 058° M, , 
18/08/2026, 06:16:25 UTC, 38° 19.080' N, 026° 41.698' E, 00.1, 358° M, 01.9, 070° Stbd, 046° M, , 
18/08/2026, 06:16:55 UTC, 38° 19.080' N, 026° 41.698' E, 00.0, 357° M, 01.6, 020° Port, 042° M, , 
18/08/2026, 06:17:24 UTC, 38° 19.080' N, 026° 41.698' E, 00.3, 353° M, 03.8, 048° Stbd, 056° M, , 
18/08/2026, 06:17:55 UTC, 38° 19.080' N, 026° 41.698' E, 00.3, 351° M, 04.5, 031° Stbd, 041° M, , 
18/08/2026, 06:18:24 UTC, 38° 19.080' N, 026° 41.698' E, 00.1, 352° M, 03.7, 047° Port, 045° M, , 
18/08/2026, 06:18:54 UTC, 38° 19.080' N, 026° 41.698' E, 00.0, 352° M, 02.5, 005° Port, 045° M, , 
18/08/2026, 06:19:24 UTC, 38° 19.080' N, 026° 41.698' E, 00.3, 354° M, 02.7, 038° Stbd, 042° M, , 
18/08/2026, 06:19:56 UTC, 38° 19.080' N, 026° 41.698' E, 00.1, 356° M, 03.7, 018° Port, 047° M, , 
18/08/2026, 06:20:26 UTC, 38° 19.080' N, 026° 41.698' E, 00.2, 355° M, 02.0, 049° Port, 040° M, , 
18/08/2026, 06:20:43 UTC, 38° 19.080' N, 026° 41.698' E, 00.1, 356° M, 03.9, 031° Stbd, 040° M, , 
18/08/2026, 06:21:15 UTC, 38° 19.080' N, 026° 41.698' E, 00.3, 353° M, 05.4, 040° Stbd, 044° M, , 
18/08/2026, 06:21:45 UTC, 38° 19.080' N, 026° 41.698' E, 00.2, 354° M, 04.2, 051° Port, 045° M, , 
18/08/2026, 06:22:15 UTC, 38° 19.080' N, 026° 41.698' E, 00.0, 358° M, 03.1, 021° Stbd, 055° M, , 
18/08/2026, 06:22:45 UTC, 38° 19.080' N, 026° 41.698' E, 00.0, 356° M, 02.1, 025° Port, 057° M, , 
18/08/2026, 06:23:16 UTC, 38° 19.080' N, 026° 41.698' E, 00.3, 357° M, 03.3, 035° Port, 044° M, , 
18/08/2026, 06:23:48 UTC, 38° 19.080' N, 026° 41.698' E, 00.2, 351° M, 04.2, 044° Stbd, 052° M, , 
18/08/2026, 06:24:16 UTC, 38° 19.080' N, 026° 41.698' E, 00.0, 355° M, 02.5, 020° Stbd, 040° M, , 
18/08/2026, 06:24:33 UTC, 38° 19.080' N, 026° 41.698' E, 00.2, 356° M, 06.0, 058° Port, 046° M, , 
18/08/2026, 06:25:04 UTC, 38° 19.080' N, 026° 41.698' E, 00.2, 359° M, 02.4, 030° Stbd, 037° M, , 
18/08/2026, 06:25:33 UTC, 38° 19.080' N, 026° 41.698' E, 00.2, 352° M, 05.1, 014° Stbd, 059° M, , 
18/08/2026, 06:26:03 UTC, 38° 19.080' N, 026° 41.698' E, 00.1, 354° M, 06.0, 044° Port, 039° M, , 
18/08/2026, 06:26:33 UTC, 38° 19.080' N, 026° 41.698' E, 00.3, 356° M, 03.7, 049° Port, 048° M, , 
18/08/2026, 06:27:03 UTC, 38° 19.080' N, 026° 41.698' E, 00.3, 356° M, 04.7, 051° Stbd, 051° M, , 
18/08/2026, 06:27:35 UTC, 38° 19.080' N, 026° 41.698' E, 00.2, 352° M, 04.2, 013° Port, 031° M, , 
18/08/2026, 06:28:05 UTC, 38° 19.080' N, 026° 41.698' E, 00.1, 354° M, 05.7, 004° Port, 046° M, , 
18/08/2026, 06:28:22 UTC, 38° 19.080' N, 026° 41.698' E, 00.2, 352° M, 02.9, 056° Stbd, 054° M, , 
18/08/2026, 06:28:55 UTC, 38° 19.080' N, 026° 41.698' E, 00.1, 355° M, 06.7, 028° Port, 045° M, , 
18/08/2026, 06:29:25 UTC, 38° 19.080' N, 026° 41.698' E, - - - - -, - - - - -, 05.2, 027° Port, 027° M, , 
18/08/2026, 06:29:55 UTC, 38° 19.080' N, 026° 41.698' E, 00.3, 359° M, 04.6, 042° Stbd, 040° M, , 
18/08/2026, 06:30:25 UTC, 38° 19.080' N, 026° 41.698' E, 00.3, 353° M, 05.2, 062° Port, 065° M, , 
18/08/2026, 06:30:50 UTC, 38° 19.080' N, 026° 41.698' E, - - - - -, - - - - -, 04.9, 038° Stbd, 043° M, , 
18/08/2026, 06:31:07 UTC, 38° 19.080' N, 026° 41.698' E, 00.1, 354° M, 05.7, 041° Port, 057° M, , 
18/08/2026, 06:31:37 UTC, 38° 19.080' N, 026° 41.698' E, 00.0, 354° M, 06.9, 032° Port, 046° M, , 
18/08/2026, 06:32:07 UTC, 38° 19.080' N, 026° 41.698' E, 00.2, 350° M, 05.9, 023° Port, 041° M, , 
18/08/2026, 06:32:39 UTC, 38° 19.080' N, 026° 41.698' E, 00.2, 353° M, 07.1, 042° Port, 052° M, , 
18/08/2026, 06:33:04 UTC, 38° 19.080' N, 026° 41.698' E, 00.1, 358° M, 06.6, 063° Stbd, 061° M, , 
18/08/2026, 06:33:33 UTC, 38° 19.080' N, 026° 41.698' E, 00.3, 358° M, 05.7, 036° Port, 057° M, , 
18/08/2026, 06:34:01 UTC, 38° 19.080' N, 026° 41.698' E, - - - - -, - - - - -, 05.0, 008° Port, 055° M, , 
18/08/2026, 06:34:18 UTC, 38° 19.080' N, 026° 41.698' E, 00.2, 352° M, 05.2, 068° Stbd, 048° M, , 
18/08/2026, 06:34:51 UTC, 38° 19.080' N, 026° 41.698' E, 00.0, 357° M, 06.0, 060° Port, 053° M, , 
18/08/2026, 06:35:16 UTC, 38° 19.080' N, 026° 41.698' E, 00.2, 352° M, 05.6, 037° Port, 032° M, , 
18/08/2026, 06:35:45 UTC, 38° 19.080' N, 026° 41.698' E, 00.0, 353° M, 03.3, 039° Stbd, 040° M, , 
18/08/2026, 06:36:15 UTC, 38° 19.080' N, 026° 41.698' E, 00.0, 356° M, 05.7, 018° Port, 046° M, , 
18/08/2026, 06:36:48 UTC, 38° 19.080' N, 026° 41.698' E, 00.1, 352° M, 05.2, 056° Port, 053° M, , 
18/08/2026, 06:37:20 UTC, 38° 19.080' N, 026° 41.698' E, 00.3, 351° M, 05.6, 046° Port, 049° M, , 
18/08/2026, 06:37:45 UTC, 38° 19.080' N, 026° 41.698' E, 00.1, 359° M, 05.6, 057° Stbd, 057° M, , 
18/08/2026, 06:38:17 UTC, 38° 19.080' N, 026° 41.698' E, 00.1, 357° M, 05.0, 021° Stbd, 063° M, , 
18/08/2026, 06:38:47 UTC, 38° 19.080' N, 026° 41.698' E, 00.1, 352° M, 04.7, 051° Stbd, 053° M, , 
18/08/2026, 06:39:17 UTC, 38° 19.080' N, 026° 41.698' E, 00.1, 354° M, 05.7, 011° Stbd, 057° M, , 
18/08/2026, 06:39:46 UTC, 38° 19.080' N, 026° 41.698' E, 00.1, 354° M, 05.8, 015° Stbd, 067° M, , 
18/08/2026, 06:40:16 UTC, 38° 19.080' N, 026° 41.698' E, 00.0, 353° M, 04.1, 036° Port, 072° M, , 
18/08/2026, 06:40:48 UTC, 38° 19.080' N, 026° 41.698' E, 00.2, 352° M, 03.9, 054° Port, 054° M, , 
18/08/2026, 06:41:18 UTC, 38° 19.080' N, 026° 41.698' E, - - - - -, - - - - -, 05.0, 033° Stbd, 058° M, , 
18/08/2026, 06:41:50 UTC, 38° 19.080' N, 026° 41.698' E, 00.1, 353° M, 04.2, 057° Port, 051° M, , 
18/08/2026, 06:42:19 UTC, 38° 19.080' N, 026° 41.698' E, 00.3, 358° M, 05.6, 045° Stbd, 056° M, , 
18/08/2026, 06:42:44 UTC, 38° 19.080' N, 026° 41.698' E, 00.0, 355° M, 04.8, 014° Port, 040° M, , 
18/08/2026, 06:43:01 UTC, 38° 19.080' N, 026° 41.698' E, 00.3, 356° M, 05.0, 028° Stbd, 043° M, , 
18/08/2026, 06:43:31 UTC, 38° 19.080' N, 026° 41.698' E, 00.1, 356° M, 05.1, 026° Stbd, 058° M, , 
18/08/2026, 06:44:01 UTC, 38° 19.080' N, 026° 41.698' E, 00.2, 350° M, 05.2, 071° Stbd, 052° M, , 
18/08/2026, 06:44:32 UTC, 38° 19.080' N, 026° 41.698' E, 00.1, 357° M, 05.7, 000° Stbd, 051° M, , 
18/08/2026, 06:45:04 UTC, 38° 19.080' N, 026° 41.698' E, 00.2, 350° M, 05.4, 040° Stbd, 055° M, , 
18/08/2026, 06:45:21 UTC, 38° 19.080' N, 026° 41.698' E, 00.2, 359° M, 06.2, 038° Port, 056° M, , 
18/08/2026, 06:45:51 UTC, 38° 19.080' N, 026° 41.698' E, 00.2, 354° M, 06.1, 007° Port, 069° M, , 
18/08/2026, 06:46:19 UTC, 38° 19.080' N, 026° 41.698' E, 00.3, 354° M, 03.5, 042° Port, 068° M, , 
18/08/2026, 06:46:49 UTC, 38° 19.080' N, 026° 41.698' E, 00.1, 350° M, 05.2, 039° Port, 061° M, , 
18/08/2026, 06:47:19 UTC, 38° 19.080' N, 026° 41.698' E, 00.0, 354° M, 04.4, 062° Port, 059° M, , 
18/08/2026, 06:47:49 UTC, 38° 19.080' N, 026° 41.698' E, 00.1, 356° M, 04.0, 027° Stbd, 050° M, , 
18/08/2026, 06:48:21 UTC, 38° 19.080' N, 026° 41.698' E, 00.1, 356° M, 04.0, 030° Stbd, 055° M, , 
18/08/2026, 06:48:38 UTC, 38° 19.080' N, 026° 41.698' E, 00.1, 350° M, 02.8, 050° Stbd, 044° M, , 
18/08/2026, 06:49:08 UTC, 38° 19.080' N, 026° 41.698' E, 00.1, 352° M, 01.5, 052° Port, 056° M, , 
18/08/2026, 06:49:38 UTC, 38° 19.080' N, 026° 41.698' E, 00.2, 357° M, 06.0, 014° Stbd, 057° M, , 
18/08/2026, 06:50:08 UTC, 38° 19.080' N, 026° 41.698' E, 00.1, 354° M, 03.3, 037° Stbd, 064° M, , 
18/08/2026, 06:50:36 UTC, 38° 19.080' N, 026° 41.698' E, - - - - -, - - - - -, 03.5, 056° Port, 053° M, , 
18/08/2026, 06:51:04 UTC, 38° 19.080' N, 026° 41.698' E, 00.0, 357° M, 03.1, 045° Port, 063° M, , 
18/08/2026, 06:51:33 UTC, 38° 19.080' N, 026° 41.698' E, 00.1, 359° M, 04.4, 010° Port, 065° M, , 
18/08/2026, 06:52:05 UTC, 38° 19.080' N, 026° 41.698' E, 00.0, 357° M, 01.4, 046° Port, 057° M, , 
18/08/2026, 06:52:35 UTC, 38° 19.080' N, 026° 41.698' E, 00.2, 351° M, 02.1, 001° Port, 054° M, , 
18/08/2026, 06:52:52 UTC, 38° 19.080' N, 026° 41.698' E, 00.0, 351° M, 04.3, 030° Stbd, 060° M, , 
18/08/2026, 06:53:09 UTC, 38° 19.080' N, 026° 41.698' E, 00.0, 358° M, 02.0, 020° Stbd, 060° M, , 
18/08/2026, 06:53:39 UTC, 38° 19.080' N, 026° 41.698' E, 00.1, 351° M, 03.1, 013° Port, 069° M, , 
18/08/2026, 06:54:04 UTC, 38° 19.080' N, 026° 41.698' E, 00.2, 354° M, 04.0, 034° Stbd, 047° M, , 
18/08/2026, 06:54:32 UTC, 38° 19.080' N, 026° 41.698' E, 00.0, 352° M, 01.3, 015° Stbd, 063° M, , 
18/08/2026, 06:55:02 UTC, 38° 19.080' N, 026° 41.698' E, 00.3, 355° M, 02.4, 017° Stbd, 052° M, , 
18/08/2026, 06:55:32 UTC, 38° 19.080' N, 026° 41.698' E, 00.2, 358° M, 04.7, 055° Port, 053° M, , 
18/08/2026, 06:56:04 UTC, 38° 19.080' N, 026° 41.698' E, 00.1, 352° M, 00.4, 024° Port, 063° M, , 
18/08/2026, 06:56:33 UTC, 38° 19.080' N, 026° 41.698' E, 00.0, 358° M, 02.4, 001° Port, 047° M, , 
18/08/2026, 06:57:01 UTC, 38° 19.080' N, 026° 41.698' E, - - - - -, - - - - -, 03.8, 015° Stbd, 052° M, , 
18/08/2026, 06:57:31 UTC, 38° 19.080' N, 026° 41.698' E, - - - - -, - - - - -, 03.6, 048° Port, 065° M, , 
18/08/2026, 06:58:01 UTC, 38° 19.080' N, 026° 41.698' E, 00.0, 359° M, 01.8, 034° Stbd, 056° M, , 
18/08/2026, 06:58:26 UTC, 38° 19.080' N, 026° 41.698' E, 00.2, 357° M, 00.4, 035° Stbd, 057° M, , 
18/08/2026, 06:58:58 UTC, 38° 19.080' N, 026° 41.698' E, 00.1, 355° M, 03.4, 031° Stbd, 053° M, , 
18/08/2026, 06:59:28 UTC, 38° 19.080' N, 026° 41.698' E, 00.2, 350° M, 01.5, 005° Port, 052° M, , 
18/08/2026, 06:59:58 UTC, 38° 19.080' N, 026° 41.698' E, 00.1, 353° M, 03.6, 022° Port, 067° M, , 
18/08/2026, 07:00:31 UTC, 38° 19.080' N, 026° 41.698' E, 00.1, 359° M, 02.2, 034° Stbd, 059° M, , 
18/08/2026, 07:00:56 UTC, 38° 19.080' N, 026° 41.698' E, 00.3, 359° M, 02.8, 037° Stbd, 060° M, , 
18/08/2026, 07:01:13 UTC, 38° 19.080' N, 026° 41.698' E, 00.3, 350° M, 00.8, 070° Stbd, 060° M, , 
18/08/2026, 07:01:41 UTC, 38° 19.080' N, 026° 41.698' E, 00.3, 352° M, 02.9, 040° Stbd, 068° M, , 
18/08/2026, 07:02:06 UTC, 38° 19.080' N, 026° 41.698' E, 00.1, 355° M, 02.0, 015° Stbd, 053° M, , 
18/08/2026, 07:02:38 UTC, 38° 19.080' N, 026° 41.698' E, 00.1, 350° M, 00.4, 035° Stbd, 065° M, , 
18/08/2026, 07:03:08 UTC, 38° 19.080' N, 026° 41.698' E, 00.2, 358° M, 01.9, 028° Stbd, 067° M, , 
18/08/2026, 07:03:41 UTC, 38° 19.080' N, 026° 41.698' E, 00.1, 352° M, 03.1, 004° Port, 074° M, , 
18/08/2026, 07:04:11 UTC, 38° 19.080' N, 026° 41.698' E, 00.2, 350° M, 03.6, 036° Port, 051° M, , 
18/08/2026, 07:04:42 UTC, 38° 19.080' N, 026° 41.698' E, 00.3, 356° M, 02.4, 035° Stbd, 050° M, , 
18/08/2026, 07:05:12 UTC, 38° 19.080' N, 026° 41.698' E, 00.2, 350° M, 00.4, 015° Port, 065° M, , 
18/08/2026, 07:05:44 UTC, 38° 19.080' N, 026° 41.698' E, 00.2, 352° M, 01.5, 048° Port, 060° M, , 
18/08/2026, 07:06:01 UTC, 38° 19.080' N, 026° 41.698' E, 00.0, 354° M, 00.4, 040° Port, 070° M, , 
18/08/2026, 07:06:31 UTC, 38° 19.080' N, 026° 41.698' E, 00.2, 351° M, 01.4, 036° Port, 072° M, , 
18/08/2026, 07:07:01 UTC, 38° 19.080' N, 026° 41.698' E, 00.0, 356° M, 02.5, 041° Port, 053° M, , 
18/08/2026, 07:07:33 UTC, 38° 19.080' N, 026° 41.698' E, 00.3, 353° M, 02.4, 031° Stbd, 068° M, , 
18/08/2026, 07:07:58 UTC, 38° 19.080' N, 026° 41.698' E, 00.0, 359° M, 01.6, 020° Port, 073° M, , 
18/08/2026, 07:08:26 UTC, 38° 19.080' N, 026° 41.698' E, 00.1, 353° M, 00.6, 036° Stbd, 058° M, , 
18/08/2026, 07:08:59 UTC, 38° 19.080' N, 026° 41.698' E, 00.3, 355° M, 00.4, 058° Port, 068° M, , 
18/08/2026, 07:09:29 UTC, 38° 19.080' N, 026° 41.698' E, - - - - -, - - - - -, 00.4, 043° Port, 076° M, , 
18/08/2026, 07:09:59 UTC, 38° 19.080' N, 026° 41.698' E, 00.1, 352° M, 01.2, 032° Stbd, 056° M, , 
18/08/2026, 07:10:29 UTC, 38° 19.080' N, 026° 41.698' E, 00.1, 350° M, 00.4, 021° Stbd, 068° M, , 
18/08/2026, 07:10:59 UTC, 38° 19.080' N, 026° 41.698' E, 00.0, 354° M, 02.6, 018° Stbd, 063° M, , 
18/08/2026, 07:11:29 UTC, 38° 19.080' N, 026° 41.698' E, 00.2, 359° M, 00.4, 033° Stbd, 066° M, , 
18/08/2026, 07:11:59 UTC, 38° 19.080' N, 026° 41.698' E, - - - - -, - - - - -, 01.4, 003° Stbd, 061° M, , 
18/08/2026, 07:12:29 UTC, 38° 19.080' N, 026° 41.698' E, 00.2, 358° M, 00.4, 041° Stbd, 082° M, , 
18/08/2026, 07:13:02 UTC, 38° 19.080' N, 026° 41.698' E, 00.2, 359° M, 02.0, 045° Stbd, 062° M, , 
18/08/2026, 07:13:32 UTC, 38° 19.080' N, 026° 41.698' E, 00.0, 350° M, 00.4, 031° Stbd, 062° M, , 
18/08/2026, 07:14:00 UTC, 38° 19.080' N, 026° 41.698' E, 00.2, 357° M, 01.0, 029° Port, 067° M, , 
18/08/2026, 07:14:31 UTC, 38° 19.080' N, 026° 41.698' E, 00.2, 351° M, 00.4, 033° Stbd, 077° M, , 
18/08/2026, 07:15:00 UTC, 38° 19.080' N, 026° 41.698' E, 00.2, 350° M, 01.1, 020° Port, 055° M, , 
18/08/2026, 07:15:32 UTC, 38° 19.080' N, 026° 41.698' E, 00.3, 358° M, 00.4, 065° Stbd, 068° M, , 
18/08/2026, 07:16:02 UTC, 38° 19.080' N, 026° 41.698' E, 00.1, 350° M, 00.4, 042° Port, 073° M, , 
18/08/2026, 07:16:32 UTC, 38° 19.080' N, 026° 41.698' E, 00.3, 358° M, 02.4, 033° Stbd, 070° M, , 
18/08/2026, 07:17:01 UTC, 38° 19.080' N, 026° 41.698' E, 00.1, 357° M, 00.4, 051° Stbd, 067° M, , 
18/08/2026, 07:17:31 UTC, 38° 19.080' N, 026° 41.698' E, 00.0, 359° M, 01.4, 015° Port, 067° M, , 
18/08/2026, 07:18:04 UTC, 38° 19.080' N, 026° 41.698' E, 00.3, 355° M, 01.0, 064° Stbd, 077° M, , 
18/08/2026, 07:18:33 UTC, 38° 19.080' N, 026° 41.698' E, 00.1, 356° M, 01.7, 033° Stbd, 074° M, , 
18/08/2026, 07:19:03 UTC, 38° 19.080' N, 026° 41.698' E, 00.1, 359° M, 02.2, 042° Port, 058° M, , 
18/08/2026, 07:19:31 UTC, 38° 19.080' N, 026° 41.698' E, - - - - -, - - - - -, 00.4, 017° Stbd, 058° M, , 
18/08/2026, 07:20:01 UTC, 38° 19.080' N, 026° 41.698' E, 00.1, 354° M, 04.0, 038° Stbd, 060° M, , 
18/08/2026, 07:20:31 UTC, 38° 19.080' N, 026° 41.698' E, 00.2, 358° M, 00.6, 034° Port, 066° M, , 
18/08/2026, 07:21:04 UTC, 38° 19.080' N, 026° 41.698' E, 00.3, 353° M, 02.4, 081° Stbd, 064° M, , 
18/08/2026, 07:21:29 UTC, 38° 19.080' N, 026° 41.698' E, 00.2, 357° M, 00.4, 019° Stbd, 061° M, , 
18/08/2026, 07:21:59 UTC, 38° 19.080' N, 026° 41.698' E, - - - - -, - - - - -, 00.4, 037° Port, 075° M, , 
18/08/2026, 07:22:29 UTC, 38° 19.080' N, 026° 41.698' E, 00.3, 351° M, 01.1, 008° Stbd, 071° M, , 
18/08/2026, 07:22:59 UTC, 38° 19.080' N, 026° 41.698' E, 00.2, 356° M, 01.4, 031° Port, 067° M, , 
18/08/2026, 07:23:32 UTC, 38° 19.080' N, 026° 41.698' E, 00.3, 358° M, 02.0, 031° Port, 062° M, , 
18/08/2026, 07:24:00 UTC, 38° 19.080' N, 026° 41.698' E, 00.0, 356° M, 00.8, 043° Port, 079° M, , 
18/08/2026, 07:24:30 UTC, 38° 19.080' N, 026° 41.698' E, 00.2, 351° M, 01.5, 035° Port, 069° M, , 
18/08/2026, 07:25:00 UTC, 38° 19.080' N, 026° 41.698' E, 00.2, 353° M, 02.0, 018° Port, 062° M, , 
18/08/2026, 07:25:31 UTC, 38° 19.080' N, 026° 41.698' E, 00.2, 355° M, 00.4, 032° Port, 064° M, , 
18/08/2026, 07:26:00 UTC, 38° 19.080' N, 026° 41.698' E, 00.0, 355° M, 03.0, 039° Port, 066° M, , 
18/08/2026, 07:26:30 UTC, 38° 19.080' N, 026° 41.698' E, 00.1, 356° M, 02.0, 024° Port, 084° M, , 
18/08/2026, 07:26:58 UTC, 38° 19.080' N, 026° 41.698' E, 00.0, 354° M, 02.9, 000° Port, 072° M, , 
18/08/2026, 07:27:27 UTC, 38° 19.080' N, 026° 41.698' E, 00.2, 357° M, 01.2, 058° Port, 073° M, , 
18/08/2026, 07:28:00 UTC, 38° 19.080' N, 026° 41.698' E, 00.0, 359° M, 01.8, 023° Stbd, 070° M, , 
18/08/2026, 07:28:30 UTC, 38° 19.080' N, 026° 41.698' E, - - - - -, - - - - -, 01.9, 014° Port, 057° M, , 
18/08/2026, 07:29:01 UTC, 38° 19.080' N, 026° 41.698' E, 00.2, 354° M, 01.9, 038° Port, 074° M, , 
18/08/2026, 07:29:29 UTC, 38° 19.080' N, 026° 41.698' E, 00.2, 357° M, 02.7, 040° Stbd, 056° M, , 
18/08/2026, 07:29:59 UTC, 38° 19.080' N, 026° 41.698' E, 00.3, 359° M, 04.7, 039° Port, 062° M, , 
18/08/2026, 07:30:29 UTC, 38° 19.080' N, 026° 41.698' E, 00.2, 356° M, 01.0, 034° Stbd, 068° M, , 
18/08/2026, 07:30:57 UTC, 38° 19.080' N, 026° 41.698' E, 00.2, 351° M, 02.8, 043° Stbd, 074° M, , 
18/08/2026, 07:31:29 UTC, 38° 19.080' N, 026° 41.698' E, 00.1, 350° M, 01.6, 052° Stbd, 079° M, , 
18/08/2026, 07:32:01 UTC, 38° 19.080' N, 026° 41.698' E, 00.2, 356° M, 01.6, 039° Stbd, 081° M, , 
18/08/2026, 07:32:31 UTC, 38° 19.080' N, 026° 41.698' E, 00.3, 351° M, 03.5, 049° Stbd, 071° M, , 
18/08/2026, 07:33:04 UTC, 38° 19.080' N, 026° 41.698' E, 00.2, 352° M, 03.6, 008° Port, 077° M, , 
18/08/2026, 07:33:29 UTC, 38° 19.080' N, 026° 41.698' E, 00.3, 355° M, 00.6, 036° Stbd, 068° M, , 
18/08/2026, 07:33:57 UTC, 38° 19.080' N, 026° 41.698' E, 00.2, 350° M, 02.7, 024° Port, 071° M, , 
18/08/2026, 07:34:27 UTC, 38° 19.080' N, 026° 41.698' E, 00.1, 352° M, 03.6, 022° Port, 073° M, , 
18/08/2026, 07:34:57 UTC, 38° 19.080' N, 026° 41.698' E, 00.3, 355° M, 03.1, 048° Stbd, 078° M, , 
18/08/2026, 07:35:25 UTC, 38° 19.080' N, 026° 41.698' E, 00.1, 354° M, 01.9, 039° Stbd, 067° M, , 
18/08/2026, 07:35:57 UTC, 38° 19.080' N, 026° 41.698' E, 00.0, 353° M, 03.6, 032° Stbd, 079° M, , 
18/08/2026, 07:36:29 UTC, 38° 19.080' N, 026° 41.698' E, 00.3, 351° M, 04.0, 025° Port, 072° M, , 
18/08/2026, 07:36:57 UTC, 38° 19.080' N, 026° 41.698' E, 00.3, 356° M, 05.5, 033° Stbd, 061° M, , 
18/08/2026, 07:37:28 UTC, 38° 19.080' N, 026° 41.698' E, 00.3, 354° M, 03.7, 081° Port, 069° M, , 
18/08/2026, 07:37:56 UTC, 38° 19.080' N, 026° 41.698' E, 00.2, 359° M, 04.8, 072° Port, 067° M, , 
18/08/2026, 07:38:13 UTC, 38° 19.080' N, 026° 41.698' E, 00.3, 352° M, 04.3, 042° Port, 069° M, , 
18/08/2026, 07:38:41 UTC, 38° 19.080' N, 026° 41.698' E, 00.3, 359° M, 03.8, 027° Stbd, 066° M, , 
18/08/2026, 07:39:09 UTC, 38° 19.080' N, 026° 41.698' E, 00.2, 354° M, 03.0, 035° Stbd, 072° M, , 
18/08/2026, 07:39:39 UTC, 38° 19.080' N, 026° 41.698' E, 00.2, 358° M, 03.1, 026° Stbd, 076° M, , 
18/08/2026, 07:40:08 UTC, 38° 19.080' N, 026° 41.698' E, 00.0, 359° M, 04.6, 065° Port, 084° M, , 
18/08/2026, 07:40:33 UTC, 38° 19.080' N, 026° 41.698' E, 00.2, 355° M, 02.2, 006° Stbd, 068° M, , 
18/08/2026, 07:41:03 UTC, 38° 19.080' N, 026° 41.698' E, 00.0, 352° M, 04.0, 019° Port, 069° M, , 
18/08/2026, 07:41:33 UTC, 38° 19.080' N, 026° 41.698' E, 00.2, 359° M, 04.3, 045° Port, 086° M, , 
18/08/2026, 07:42:06 UTC, 38° 19.080' N, 026° 41.698' E, 00.2, 357° M, 03.5, 021° Stbd, 071° M, , 
18/08/2026, 07:42:23 UTC, 38° 19.080' N, 026° 41.698' E, 00.0, 350° M, 04.4, 032° Port, 073° M, , 
18/08/2026, 07:42:56 UTC, 38° 19.080' N, 026° 41.698' E, 00.2, 354° M, 06.4, 046° Stbd, 085° M, , 
18/08/2026, 07:43:21 UTC, 38° 19.080' N, 026° 41.698' E, 00.2, 353° M, 04.8, 045° Port, 065° M, , 
18/08/2026, 07:43:50 UTC, 38° 19.080' N, 026° 41.698' E, 00.1, 357° M, 06.4, 025° Port, 075° M, , 
18/08/2026, 07:44:20 UTC, 38° 19.080' N, 026° 41.698' E, 00.3, 357° M, 06.4, 054° Port, 080° M, , 
18/08/2026, 07:44:53 UTC, 38° 19.080' N, 026° 41.698' E, 00.2, 353° M, 06.3, 034° Port, 075° M, , 
18/08/2026, 07:45:18 UTC, 38° 19.080' N, 026° 41.698' E, 00.2, 355° M, 03.4, 045° Port, 074° M, , 
18/08/2026, 07:45:48 UTC, 38° 19.080' N, 026° 41.698' E, 00.0, 351° M, 04.2, 052° Port, 080° M, , 
18/08/2026, 07:46:13 UTC, 38° 19.080' N, 026° 41.698' E, 00.1, 359° M, 06.7, 020° Stbd, 083° M, , 
18/08/2026, 07:46:41 UTC, 38° 19.080' N, 026° 41.698' E, 00.1, 353° M, 05.1, 012° Port, 084° M, , 
18/08/2026, 07:47:13 UTC, 38° 19.080' N, 026° 41.698' E, - - - - -, - - - - -, 04.9, 044° Port, 072° M, , 
18/08/2026, 07:47:30 UTC, 38° 19.080' N, 026° 41.698' E, 00.2, 357° M, 05.1, 040° Stbd, 071° M, , 
18/08/2026, 07:48:02 UTC, 38° 19.080' N, 026° 41.698' E, 00.2, 350° M, 05.5, 032° Stbd, 079° M, , 
18/08/2026, 07:48:32 UTC, 38° 19.080' N, 026° 41.698' E, 00.1, 351° M, 04.3, 039° Port, 077° M, , 
18/08/2026, 07:48:57 UTC, 38° 19.080' N, 026° 41.698' E, 00.3, 352° M, 05.8, 023° Stbd, 076° M, , 
18/08/2026, 07:49:30 UTC, 38° 19.080' N, 026° 41.698' E, 00.3, 353° M, 08.1, 029° Port, 081° M, , 
18/08/2026, 07:50:03 UTC, 38° 19.080' N, 026° 41.698' E, 00.0, 351° M, 04.9, 009° Stbd, 084° M, , 
18/08/2026, 07:50:36 UTC, 38° 19.080' N, 026° 41.698' E, 00.2, 357° M, 04.3, 023° Port, 080° M, , 
18/08/2026, 07:51:06 UTC, 38° 19.080' N, 026° 41.698' E, 00.2, 358° M, 07.3, 018° Stbd, 086° M, , 
18/08/2026, 07:51:34 UTC, 38° 19.080' N, 026° 41.698' E, 00.0, 355° M, 05.3, 014° Stbd, 081° M, , 
18/08/2026, 07:52:02 UTC, 38° 19.080' N, 026° 41.698' E, 00.0, 354° M, 06.1, 016° Port, 082° M, , 
18/08/2026, 07:52:32 UTC, 38° 19.080' N, 026° 41.698' E, 00.2, 353° M, 06.0, 015° Stbd, 082° M, , 
18/08/2026, 07:52:49 UTC, 38° 19.080' N, 026° 41.698' E, - - - - -, - - - - -, 06.5, 033° Stbd, 065° M, , 
18/08/2026, 07:53:19 UTC, 38° 19.080' N, 026° 41.698' E, 00.2, 354° M, 05.7, 072° Port, 079° M, , 
18/08/2026, 07:53:49 UTC, 38° 19.080' N, 026° 41.698' E, 00.2, 352° M, 04.8, 032° Stbd, 084° M, , 
18/08/2026, 07:54:06 UTC, 38° 19.080' N, 026° 41.698' E, 00.1, 356° M, 06.3, 037° Port, 080° M, , 
18/08/2026, 07:54:31 UTC, 38° 19.080' N, 026° 41.698' E, - - - - -, - - - - -, 05.6, 051° Port, 072° M, , 
18/08/2026, 07:55:00 UTC, 38° 19.080' N, 026° 41.698' E, 00.3, 354° M, 06.7, 027° Stbd, 094° M, , 
18/08/2026, 07:55:25 UTC, 38° 19.080' N, 026° 41.698' E, 00.1, 355° M, 06.4, 016° Port, 095° M, , 
18/08/2026, 07:55:42 UTC, 38° 19.080' N, 026° 41.698' E, 00.1, 355° M, 03.6, 005° Stbd, 069° M, , 
18/08/2026, 07:56:07 UTC, 38° 19.080' N, 026° 41.698' E, - - - - -, - - - - -, 05.4, 043° Stbd, 075° M, , 
18/08/2026, 07:56:36 UTC, 38° 19.080' N, 026° 41.698' E, 00.2, 350° M, 03.8, 006° Port, 089° M, , 
18/08/2026, 07:56:53 UTC, 38° 19.080' N, 026° 41.698' E, 00.1, 358° M, 04.5, 004° Port, 091° M, , 
18/08/2026, 07:57:23 UTC, 38° 19.080' N, 026° 41.698' E, 00.1, 352° M, 05.7, 038° Port, 091° M, , 
18/08/2026, 07:57:53 UTC, 38° 19.080' N, 026° 41.698' E, 00.1, 350° M, 04.8, 043° Port, 070° M, , 
18/08/2026, 07:58:23 UTC, 38° 19.080' N, 026° 41.698' E, - - - - -, - - - - -, 05.0, 068° Stbd, 078° M, , 
18/08/2026, 07:58:53 UTC, 38° 19.080' N, 026° 41.698' E, 00.2, 358° M, 04.7, 020° Port, 071° M, , 
18/08/2026, 07:59:22 UTC, 38° 19.080' N, 026° 41.698' E, 00.2, 352° M, 05.2, 050° Stbd, 081° M, , 
18/08/2026, 07:59:47 UTC, 38° 19.080' N, 026° 41.698' E, 00.1, 357° M, 03.9, 042° Stbd, 079° M, , 
18/08/2026, 08:00:16 UTC, 38° 19.080' N, 026° 41.698' E, 00.2, 358° M, 04.8, 034° Port, 088° M, , 
18/08/2026, 08:00:45 UTC, 38° 19.080' N, 026° 41.698' E, 00.1, 355° M, 03.6, 027° Stbd, 085° M, , 
18/08/2026, 08:01:18 UTC, 38° 19.080' N, 026° 41.698' E, 00.1, 357° M, 04.8, 047° Stbd, 071° M, , 
18/08/2026, 08:01:48 UTC, 38° 19.080' N, 026° 41.698' E, 00.1, 353° M, 04.4, 082° Port, 073° M, , 
18/08/2026, 08:02:20 UTC, 38° 19.080' N, 026° 41.698' E, 00.0, 353° M, 04.1, 031° Port, 090° M, , 
18/08/2026, 08:02:50 UTC, 38° 19.080' N, 026° 41.698' E, 00.3, 357° M, 04.4, 035° Port, 077° M, , 
18/08/2026, 08:03:07 UTC, 38° 19.080' N, 026° 41.698' E, 00.0, 351° M, 03.6, 018° Port, 074° M, , 
18/08/2026, 08:03:37 UTC, 38° 19.080' N, 026° 41.698' E, 00.1, 355° M, 03.9, 061° Port, 087° M, , 
18/08/2026, 08:04:10 UTC, 38° 19.080' N, 026° 41.698' E, 00.2, 359° M, 04.8, 011° Stbd, 072° M, , 
18/08/2026, 08:04:42 UTC, 38° 19.080' N, 026° 41.698' E, 00.1, 357° M, 03.6, 069° Port, 080° M, , 
18/08/2026, 08:05:13 UTC, 38° 19.080' N, 026° 41.698' E, 00.2, 356° M, 03.4, 033° Port, 073° M, , 
18/08/2026, 08:05:30 UTC, 38° 19.080' N, 026° 41.698' E, 00.3, 353° M, 02.5, 043° Stbd, 085° M, , 
18/08/2026, 08:05:47 UTC, 38° 19.080' N, 026° 41.698' E, - - - - -, - - - - -, 03.0, 024° Stbd, 080° M, , 
18/08/2026, 08:06:19 UTC, 38° 19.080' N, 026° 41.698' E, 00.3, 355° M, 02.0, 034° Port, 082° M, , 
18/08/2026, 08:06:49 UTC, 38° 19.080' N, 026° 41.698' E, 00.1, 350° M, 02.8, 026° Port, 080° M, , 
18/08/2026, 08:07:21 UTC, 38° 19.080' N, 026° 41.698' E, 00.2, 353° M, 02.0, 040° Port, 076° M, , 
18/08/2026, 08:07:51 UTC, 38° 19.080' N, 026° 41.698' E, 00.3, 358° M, 03.0, 034° Port, 091° M, , 
18/08/2026, 08:08:16 UTC, 38° 19.080' N, 026° 41.698' E, 00.2, 355° M, 04.1, 025° Stbd, 086° M, , 
18/08/2026, 08:08:46 UTC, 38° 19.080' N, 026° 41.698' E, 00.1, 353° M, 05.5, 023° Stbd, 092° M, , 
18/08/2026, 08:09:11 UTC, 38° 19.080' N, 026° 41.698' E, 00.0, 357° M, 04.2, 041° Stbd, 091° M, , 
18/08/2026, 08:09:42 UTC, 38° 19.080' N, 026° 41.698' E, 00.2, 352° M, 04.1, 019° Port, 088° M, , 
18/08/2026, 08:10:07 UTC, 38° 19.080' N, 026° 41.698' E, 00.1, 351° M, 03.3, 017° Stbd, 093° M, , 
18/08/2026, 08:10:40 UTC, 38° 19.080' N, 026° 41.698' E, 00.0, 353° M, 03.6, 042° Stbd, 082° M, , 
18/08/2026, 08:11:11 UTC, 38° 19.080' N, 026° 41.698' E, 00.1, 359° M, 03.9, 043° Port, 089° M, , 
18/08/2026, 08:11:36 UTC, 38° 19.080' N, 026° 41.698' E, 00.2, 353° M, 04.6, 051° Port, 089° M, , 
18/08/2026, 08:12:09 UTC, 38° 19.080' N, 026° 41.698' E, 00.1, 354° M, 02.8, 033° Stbd, 079° M, , 
18/08/2026, 08:12:39 UTC, 38° 19.080' N, 026° 41.698' E, 00.3, 352° M, 02.2, 054° Port, 088° M, , 
18/08/2026, 08:13:09 UTC, 38° 19.080' N, 026° 41.698' E, 00.2, 351° M, 03.9, 003° Port, 084° M, , 
18/08/2026, 08:13:39 UTC, 38° 19.080' N, 026° 41.698' E, 00.2, 356° M, 02.1, 004° Port, 096° M, , 
18/08/2026, 08:13:56 UTC, 38° 19.080' N, 026° 41.698' E, 00.2, 357° M, 00.4, 013° Port, 076° M, , 
18/08/2026, 08:14:26 UTC, 38° 19.080' N, 026° 41.698' E, 00.1, 353° M, 02.6, 019° Port, 096° M, , 
18/08/2026, 08:14:56 UTC, 38° 19.080' N, 026° 41.698' E, 00.2, 353° M, 05.1, 047° Stbd, 088° M, , 
18/08/2026, 08:15:26 UTC, 38° 19.080' N, 026° 41.698' E, 00.1, 354° M, 04.6, 028° Port, 091° M, , 
18/08/2026, 08:15:55 UTC, 38° 19.080' N, 026° 41.698' E, 00.0, 355° M, 02.8, 028° Port, 098° M, , 
18/08/2026, 08:16:27 UTC, 38° 19.080' N, 026° 41.698' E, 00.2, 350° M, 01.0, 029° Stbd, 090° M, , 
18/08/2026, 08:17:00 UTC, 38° 19.080' N, 026° 41.698' E, 00.1, 352° M, 01.0, 021° Stbd, 089° M, , 
18/08/2026, 08:17:32 UTC, 38° 19.080' N, 026° 41.698' E, - - - - -, - - - - -, 00.4, 037° Port, 095° M, , 
18/08/2026, 08:17:49 UTC, 38° 19.080' N, 026° 41.698' E, 00.1, 351° M, 01.4, 027° Stbd, 080° M, , 
18/08/2026, 08:18:19 UTC, 38° 19.080' N, 026° 41.698' E, 00.0, 350° M, 01.7, 013° Stbd, 086° M, , 
18/08/2026, 08:18:50 UTC, 38° 19.080' N, 026° 41.698' E, 00.1, 356° M, 02.9, 018° Stbd, 101° M, , 
18/08/2026, 08:19:21 UTC, 38° 19.080' N, 026° 41.698' E, 00.1, 350° M, 02.6, 032° Stbd, 095° M, , 
18/08/2026, 08:19:51 UTC, 38° 19.080' N, 026° 41.698' E, 00.2, 358° M, 02.9, 038° Stbd, 086° M, , 
18/08/2026, 08:20:24 UTC, 38° 19.080' N, 026° 41.698' E, 00.2, 358° M, 02.9, 035° Stbd, 081° M, , 
18/08/2026, 08:20:55 UTC, 38° 19.080' N, 026° 41.698' E, 00.1, 353° M, 00.8, 020° Port, 083° M, , 
18/08/2026, 08:21:25 UTC, 38° 19.080' N, 026° 41.698' E, 00.0, 351° M, 01.1, 016° Stbd, 085° M, , 
18/08/2026, 08:21:54 UTC, 38° 19.080' N, 026° 41.698' E, 00.0, 358° M, 00.4, 024° Port, 082° M, , 
18/08/2026, 08:22:24 UTC, 38° 19.080' N, 026° 41.698' E, 00.1, 351° M, 01.0, 069° Stbd, 094° M, , 
18/08/2026, 08:22:54 UTC, 38° 19.080' N, 026° 41.698' E, 00.2, 354° M, 02.8, 057° Port, 092° M, , 
18/08/2026, 08:23:24 UTC, 38° 19.080' N, 026° 41.698' E, 00.0, 350° M, 01.6, 051° Stbd, 102° M, , 
18/08/2026, 08:23:52 UTC, 38° 19.080' N, 026° 41.698' E, 00.3, 359° M, 01.1, 052° Stbd, 078° M, , 
18/08/2026, 08:24:17 UTC, 38° 19.080' N, 026° 41.698' E, 00.2, 356° M, 02.3, 039° Stbd, 084° M, , 
18/08/2026, 08:24:47 UTC, 38° 19.080' N, 026° 41.698' E, 00.3, 354° M, 03.1, 026° Stbd, 092° M, , 
18/08/2026, 08:25:17 UTC, 38° 19.080' N, 026° 41.698' E, 00.3, 356° M, 01.0, 064° Port, 089° M, , 
18/08/2026, 08:25:50 UTC, 38° 19.080' N, 026° 41.698' E, 00.3, 359° M, 02.0, 073° Stbd, 088° M, , 
18/08/2026, 08:26:18 UTC, 38° 19.080' N, 026° 41.698' E, 00.1, 358° M, 01.8, 050° Stbd, 099° M, , 
18/08/2026, 08:26:48 UTC, 38° 19.080' N, 026° 41.698' E, 00.2, 353° M, 02.0, 046° Port, 097° M, , 
18/08/2026, 08:27:18 UTC, 38° 19.080' N, 026° 41.698' E, 00.2, 359° M, 00.4, 024° Stbd, 100° M, , 
18/08/2026, 08:27:43 UTC, 38° 19.080' N, 026° 41.698' E, 00.1, 355° M, 01.8, 035° Port, 095° M, , 
18/08/2026, 08:28:15 UTC, 38° 19.080' N, 026° 41.698' E, 00.3, 352° M, 00.4, 023° Stbd, 101° M, , 
18/08/2026, 08:28:44 UTC, 38° 19.080' N, 026° 41.698' E, 00.2, 353° M, 00.4, 018° Stbd, 094° M, , 
18/08/2026, 08:29:14 UTC, 38° 19.080' N, 026° 41.698' E, 00.0, 355° M, 01.5, 044° Stbd, 099° M, , 
18/08/2026, 08:29:44 UTC, 38° 19.080' N, 026° 41.698' E, 00.3, 352° M, 00.4, 021° Stbd, 085° M, , 
18/08/2026, 08:30:16 UTC, 38° 19.080' N, 026° 41.698' E, 00.0, 350° M, 00.5, 016° Port, 080° M, , 
18/08/2026, 08:30:49 UTC, 38° 19.080' N, 026° 41.698' E, 00.3, 350° M, 01.2, 016° Port, 089° M, , 
18/08/2026, 08:31:17 UTC, 38° 19.080' N, 026° 41.698' E, 00.2, 358° M, 00.4, 066° Stbd, 092° M, , 
18/08/2026, 08:31:46 UTC, 38° 19.080' N, 026° 41.698' E, 00.2, 351° M, 00.4, 045° Port, 105° M, , 
18/08/2026, 08:32:16 UTC, 38° 19.080' N, 026° 41.698' E, 00.3, 351° M, 00.7, 006° Port, 085° M, , 
18/08/2026, 08:32:33 UTC, 38° 19.080' N, 026° 41.698' E, 00.2, 352° M, 00.4, 049° Stbd, 084° M, , 
18/08/2026, 08:33:02 UTC, 38° 19.080' N, 026° 41.698' E, 00.2, 350° M, 01.3, 040° Port, 103° M, , 
18/08/2026, 08:33:19 UTC, 38° 19.080' N, 026° 41.698' E, 00.1, 355° M, 00.4, 026° Port, 095° M, , 
18/08/2026, 08:33:50 UTC, 38° 19.080' N, 026° 41.698' E, - - - - -, - - - - -, 01.7, 037° Port, 108° M, , 
18/08/2026, 08:34:20 UTC, 38° 19.080' N, 026° 41.698' E, 00.2, 351° M, 03.5, 036° Stbd, 081° M, , 
18/08/2026, 08:34:49 UTC, 38° 19.080' N, 026° 41.698' E, 00.2, 358° M, 01.7, 066° Port, 096° M, , 
18/08/2026, 08:35:18 UTC, 38° 19.080' N, 026° 41.698' E, - - - - -, - - - - -, 01.9, 068° Stbd, 097° M, , 
18/08/2026, 08:35:48 UTC, 38° 19.080' N, 026° 41.698' E, 00.2, 351° M, 01.8, 039° Port, 092° M, , 
18/08/2026, 08:36:05 UTC, 38° 19.080' N, 026° 41.698' E, 00.2, 353° M, 03.6, 027° Port, 091° M, , 
18/08/2026, 08:36:33 UTC, 38° 19.080' N, 026° 41.698' E, 00.2, 356° M, 01.4, 060° Stbd, 092° M, , 
18/08/2026, 08:37:02 UTC, 38° 19.080' N, 026° 41.698' E, 00.2, 359° M, 01.6, 017° Stbd, 098° M, , 
18/08/2026, 08:37:27 UTC, 38° 19.080' N, 026° 41.698' E, 00.2, 350° M, 01.1, 030° Stbd, 083° M, , 
18/08/2026, 08:37:57 UTC, 38° 19.080' N, 026° 41.698' E, 00.2, 356° M, 01.6, 030° Stbd, 083° M, , 
18/08/2026, 08:38:28 UTC, 38° 19.080' N, 026° 41.698' E, 00.1, 358° M, 01.2, 034° Port, 090° M, , 
18/08/2026, 08:39:00 UTC, 38° 19.080' N, 026° 41.698' E, 00.2, 352° M, 01.7, 034° Port, 093° M, , 
18/08/2026, 08:39:29 UTC, 38° 19.080' N, 026° 41.698' E, 00.3, 355° M, 01.7, 028° Port, 096° M, , 
18/08/2026, 08:40:02 UTC, 38° 19.080' N, 026° 41.698' E, 00.0, 355° M, 02.5, 042° Stbd, 095° M, , 
18/08/2026, 08:40:33 UTC, 38° 19.080' N, 026° 41.698' E, 00.3, 354° M, 01.7, 047° Port, 094° M, , 
18/08/2026, 08:41:03 UTC, 38° 19.080' N, 026° 41.698' E, 00.0, 353° M, 02.0, 056° Stbd, 091° M, , 
18/08/2026, 08:41:28 UTC, 38° 19.080' N, 026° 41.698' E, 00.1, 355° M, 02.6, 047° Port, 087° M, , 
18/08/2026, 08:41:53 UTC, 38° 19.080' N, 026° 41.698' E, 00.1, 351° M, 03.4, 044° Stbd, 101° M, , 
18/08/2026, 08:42:26 UTC, 38° 19.080' N, 026° 41.698' E, 00.2, 350° M, 02.4, 012° Port, 109° M, , 
18/08/2026, 08:42:55 UTC, 38° 19.080' N, 026° 41.698' E, 00.2, 359° M, 02.7, 003° Stbd, 095° M, , 
18/08/2026, 08:43:27 UTC, 38° 19.080' N, 026° 41.698' E, 00.2, 350° M, 03.2, 052° Port, 107° M, , 
18/08/2026, 08:43:57 UTC, 38° 19.080' N, 026° 41.698' E, 00.0, 356° M, 04.0, 038° Stbd, 107° M, , 
18/08/2026, 08:44:27 UTC, 38° 19.080' N, 026° 41.698' E, 00.2, 357° M, 02.7, 037° Stbd, 091° M, , 
18/08/2026, 08:45:00 UTC, 38° 19.080' N, 026° 41.698' E, 00.1, 351° M, 03.3, 058° Stbd, 087° M, , 
18/08/2026, 08:45:30 UTC, 38° 19.080' N, 026° 41.698' E, 00.2, 350° M, 05.4, 037° Port, 098° M, , 
18/08/2026, 08:46:01 UTC, 38° 19.080' N, 026° 41.698' E, 00.2, 356° M, 01.9, 026° Port, 094° M, , 
18/08/2026, 08:46:34 UTC, 38° 19.080' N, 026° 41.698' E, 00.1, 353° M, 04.9, 014° Port, 087° M, , 
18/08/2026, 08:47:06 UTC, 38° 19.080' N, 026° 41.698' E, 00.0, 350° M, 01.9, 037° Port, 101° M, , 
18/08/2026, 08:47:36 UTC, 38° 19.080' N, 026° 41.698' E, - - - - -, - - - - -, 03.6, 034° Port, 102° M, , 
18/08/2026, 08:48:07 UTC, 38° 19.080' N, 026° 41.698' E, 00.0, 355° M, 03.6, 021° Stbd, 111° M, , 
18/08/2026, 08:48:35 UTC, 38° 19.080' N, 026° 41.698' E, 00.2, 350° M, 03.7, 032° Port, 100° M, , 
18/08/2026, 08:49:05 UTC, 38° 19.080' N, 026° 41.698' E, 00.3, 359° M, 04.1, 026° Port, 091° M, , 
18/08/2026, 08:49:33 UTC, 38° 19.080' N, 026° 41.698' E, 00.1, 354° M, 04.1, 043° Port, 108° M, , 
18/08/2026, 08:50:03 UTC, 38° 19.080' N, 026° 41.698' E, 00.3, 354° M, 03.1, 025° Port, 102° M, , 
18/08/2026, 08:50:33 UTC, 38° 19.080' N, 026° 41.698' E, 00.2, 350° M, 02.4, 044° Port, 094° M, , 
18/08/2026, 08:51:03 UTC, 38° 19.080' N, 026° 41.698' E, 00.3, 357° M, 06.6, 047° Stbd, 088° M, , 
18/08/2026, 08:51:28 UTC, 38° 19.080' N, 026° 41.698' E, 00.1, 358° M, 04.0, 027° Stbd, 102° M, , 
18/08/2026, 08:51:57 UTC, 38° 19.080' N, 026° 41.698' E, 00.2, 354° M, 04.6, 025° Port, 096° M, , 
18/08/2026, 08:52:25 UTC, 38° 19.080' N, 026° 41.698' E, 00.2, 359° M, 05.1, 053° Stbd, 105° M, , 
18/08/2026, 08:52:50 UTC, 38° 19.080' N, 026° 41.698' E, 00.0, 356° M, 05.2, 011° Port, 082° M, , 
18/08/2026, 08:53:15 UTC, 38° 19.080' N, 026° 41.698' E, 00.3, 354° M, 03.9, 021° Port, 104° M, , 
18/08/2026, 08:53:45 UTC, 38° 19.080' N, 026° 41.698' E, 00.0, 354° M, 06.9, 021° Stbd, 098° M, , 
18/08/2026, 08:54:18 UTC, 38° 19.080' N, 026° 41.698' E, 00.1, 353° M, 04.0, 005° Port, 110° M, , 
18/08/2026, 08:54:43 UTC, 38° 19.080' N, 026° 41.698' E, 00.0, 353° M, 03.3, 019° Port, 105° M, , 
18/08/2026, 08:55:13 UTC, 38° 19.080' N, 026° 41.698' E, - - - - -, - - - - -, 05.0, 046° Stbd, 099° M, , 
18/08/2026, 08:55:43 UTC, 38° 19.080' N, 026° 41.698' E, 00.1, 350° M, 05.9, 047° Port, 112° M, , 
18/08/2026, 08:56:00 UTC, 38° 19.080' N, 026° 41.698' E, 00.2, 350° M, 05.0, 024° Stbd, 089° M, , 
18/08/2026, 08:56:28 UTC, 38° 19.080' N, 026° 41.698' E, 00.1, 351° M, 06.0, 037° Stbd, 112° M, , 
18/08/2026, 08:56:56 UTC, 38° 19.080' N, 026° 41.698' E, 00.3, 358° M, 05.5, 015° Stbd, 101° M, , 
18/08/2026, 08:57:13 UTC, 38° 19.080' N, 026° 41.698' E, 00.2, 351° M, 03.3, 035° Port, 093° M, , 
18/08/2026, 08:57:46 UTC, 38° 19.080' N, 026° 41.698' E, 00.1, 358° M, 04.3, 018° Port, 104° M, , 
18/08/2026, 08:58:16 UTC, 38° 19.080' N, 026° 41.698' E, 00.0, 354° M, 08.4, 000° Stbd, 096° M, , 
18/08/2026, 08:58:46 UTC, 38° 19.080' N, 026° 41.698' E, - - - - -, - - - - -, 05.6, 043° Port, 107° M, , 
18/08/2026, 08:59:14 UTC, 38° 19.080' N, 026° 41.698' E, 00.2, 352° M, 06.3, 037° Stbd, 103° M, , 
18/08/2026, 08:59:45 UTC, 38° 19.080' N, 026° 41.698' E, 00.1, 354° M, 05.6, 016° Stbd, 096° M, , 
18/08/2026, 09:00:02 UTC, 38° 19.080' N, 026° 41.698' E, - - - - -, - - - - -, 07.0, 036° Port, 108° M, , 
18/08/2026, 09:00:32 UTC, 38° 19.080' N, 026° 41.698' E, 00.2, 358° M, 05.6, 087° Stbd, 101° M, , 
18/08/2026, 09:01:02 UTC, 38° 19.080' N, 026° 41.698' E, 00.3, 358° M, 07.0, 027° Port, 099° M, , 
18/08/2026, 09:01:27 UTC, 38° 19.080' N, 026° 41.698' E, 00.1, 353° M, 07.0, 036° Port, 100° M, , 
18/08/2026, 09:02:00 UTC, 38° 19.080' N, 026° 41.698' E, 00.3, 359° M, 05.6, 036° Port, 109° M, , 
18/08/2026, 09:02:17 UTC, 38° 19.080' N, 026° 41.698' E, 00.2, 354° M, 04.9, 035° Port, 111° M, , 
18/08/2026, 09:02:48 UTC, 38° 19.080' N, 026° 41.698' E, - - - - -, - - - - -, 06.0, 026° Stbd, 098° M, , 
18/08/2026, 09:03:20 UTC, 38° 19.080' N, 026° 41.698' E, 00.2, 355° M, 04.9, 054° Stbd, 097° M, , 
18/08/2026, 09:03:51 UTC, 38° 19.080' N, 026° 41.698' E, 00.1, 358° M, 05.9, 033° Stbd, 095° M, , 
18/08/2026, 09:04:20 UTC, 38° 19.080' N, 026° 41.698' E, 00.1, 354° M, 06.1, 022° Port, 111° M, , 
18/08/2026, 09:04:49 UTC, 38° 19.080' N, 026° 41.698' E, 00.2, 358° M, 06.8, 019° Stbd, 089° M, , 
18/08/2026, 09:05:22 UTC, 38° 19.080' N, 026° 41.698' E, - - - - -, - - - - -, 05.6, 043° Port, 104° M, , 
18/08/2026, 09:05:39 UTC, 38° 19.080' N, 026° 41.698' E, 00.0, 354° M, 07.0, 021° Stbd, 103° M, , 
18/08/2026, 09:06:11 UTC, 38° 19.080' N, 026° 41.698' E, 00.2, 358° M, 05.6, 018° Stbd, 100° M, , 
18/08/2026, 09:06:42 UTC, 38° 19.080' N, 026° 41.698' E, 00.1, 359° M, 06.1, 026° Port, 103° M, , 
18/08/2026, 09:07:10 UTC, 38° 19.080' N, 026° 41.698' E, 00.0, 356° M, 06.0, 034° Port, 108° M, , 
18/08/2026, 09:07:43 UTC, 38° 19.080' N, 026° 41.698' E, 00.2, 356° M, 05.5, 022° Port, 101° M, , 
18/08/2026, 09:08:12 UTC, 38° 19.080' N, 026° 41.698' E, 00.2, 358° M, 05.6, 042° Port, 119° M, , 
18/08/2026, 09:08:37 UTC, 38° 19.080' N, 026° 41.698' E, 00.3, 352° M, 07.6, 039° Stbd, 101° M, , 
18/08/2026, 09:09:07 UTC, 38° 19.080' N, 026° 41.698' E, 00.2, 355° M, 03.9, 064° Port, 107° M, , 
18/08/2026, 09:09:36 UTC, 38° 19.080' N, 026° 41.698' E, 00.0, 354° M, 06.6, 041° Port, 106° M, , 
18/08/2026, 09:10:04 UTC, 38° 19.080' N, 026° 41.698' E, 00.2, 350° M, 07.6, 028° Stbd, 110° M, , 
18/08/2026, 09:10:33 UTC, 38° 19.080' N, 026° 41.698' E, 00.1, 353° M, 06.2, 002° Stbd, 098° M, , 
18/08/2026, 09:11:04 UTC, 38° 19.080' N, 026° 41.698' E, 00.1, 356° M, 05.9, 061° Port, 115° M, , 
18/08/2026, 09:11:32 UTC, 38° 19.080' N, 026° 41.698' E, 00.2, 351° M, 06.4, 007° Port, 094° M, , 
18/08/2026, 09:12:02 UTC, 38° 19.080' N, 026° 41.698' E, 00.2, 359° M, 04.6, 029° Stbd, 098° M, , 
18/08/2026, 09:12:27 UTC, 38° 19.080' N, 026° 41.698' E, 00.0, 356° M, 06.6, 030° Stbd, 110° M, , 
18/08/2026, 09:12:58 UTC, 38° 19.080' N, 026° 41.698' E, 00.1, 353° M, 06.8, 014° Stbd, 109° M, , 
18/08/2026, 09:13:29 UTC, 38° 19.080' N, 026° 41.698' E, 00.2, 351° M, 03.8, 054° Stbd, 100° M, , 
18/08/2026, 09:13:57 UTC, 38° 19.080' N, 026° 41.698' E, 00.2, 358° M, 03.7, 006° Stbd, 107° M, , 
18/08/2026, 09:14:22 UTC, 38° 19.080' N, 026° 41.698' E, 00.3, 356° M, 08.1, 043° Port, 117° M, , 
18/08/2026, 09:14:50 UTC, 38° 19.080' N, 026° 41.698' E, 00.2, 358° M, 08.8, 057° Stbd, 111° M, , 
18/08/2026, 09:15:20 UTC, 38° 19.080' N, 026° 41.698' E, 00.1, 353° M, 05.8, 016° Stbd, 114° M, , 
18/08/2026, 09:15:37 UTC, 38° 19.080' N, 026° 41.698' E, 00.3, 358° M, 03.3, 040° Stbd, 119° M, , 
18/08/2026, 09:16:09 UTC, 38° 19.080' N, 026° 41.698' E, 00.2, 354° M, 04.5, 079° Port, 108° M, , 
18/08/2026, 09:16:40 UTC, 38° 19.080' N, 026° 41.698' E, 00.1, 359° M, 05.4, 022° Port, 106° M, , 
18/08/2026, 09:17:05 UTC, 38° 19.080' N, 026° 41.698' E, 00.1, 352° M, 05.8, 018° Port, 113° M, , 
18/08/2026, 09:17:35 UTC, 38° 19.080' N, 026° 41.698' E, - - - - -, - - - - -, 05.9, 038° Stbd, 099° M, , 
18/08/2026, 09:18:06 UTC, 38° 19.080' N, 026° 41.698' E, 00.2, 355° M, 04.4, 042° Port, 111° M, , 
18/08/2026, 09:18:36 UTC, 38° 19.080' N, 026° 41.698' E, 00.3, 353° M, 06.7, 027° Port, 115° M, , 
18/08/2026, 09:19:06 UTC, 38° 19.080' N, 026° 41.698' E, 00.3, 351° M, 05.4, 033° Port, 105° M, , 
18/08/2026, 09:19:36 UTC, 38° 19.080' N, 026° 41.698' E, - - - - -, - - - - -, 06.5, 033° Port, 111° M, , 
18/08/2026, 09:19:53 UTC, 38° 19.080' N, 026° 41.698' E, 00.1, 352° M, 05.5, 059° Port, 109° M, , 
18/08/2026, 09:20:22 UTC, 38° 19.080' N, 026° 41.698' E, 00.1, 352° M, 05.5, 033° Port, 107° M, , 
18/08/2026, 09:20:52 UTC, 38° 19.080' N, 026° 41.698' E, 00.1, 353° M, 03.9, 019° Port, 104° M, , 
18/08/2026, 09:21:21 UTC, 38° 19.080' N, 026° 41.698' E, 00.2, 357° M, 04.2, 046° Port, 117° M, , 
18/08/2026, 09:21:51 UTC, 38° 19.080' N, 026° 41.698' E, 00.1, 352° M, 04.1, 025° Stbd, 119° M, , 
18/08/2026, 09:22:21 UTC, 38° 19.080' N, 026° 41.698' E, 00.0, 353° M, 01.9, 005° Port, 116° M, , 
18/08/2026, 09:22:50 UTC, 38° 19.080' N, 026° 41.698' E, 00.2, 351° M, 04.1, 017° Port, 109° M, , 
18/08/2026, 09:23:21 UTC, 38° 19.080' N, 026° 41.698' E, 00.3, 358° M, 04.4, 015° Port, 119° M, , 
18/08/2026, 09:23:53 UTC, 38° 19.080' N, 026° 41.698' E, 00.2, 351° M, 05.2, 036° Stbd, 105° M, , 
18/08/2026, 09:24:10 UTC, 38° 19.080' N, 026° 41.698' E, 00.0, 352° M, 04.8, 024° Stbd, 108° M, , 
18/08/2026, 09:24:35 UTC, 38° 19.080' N, 026° 41.698' E, 00.0, 353° M, 03.8, 056° Port, 111° M, , 
18/08/2026, 09:25:05 UTC, 38° 19.080' N, 026° 41.698' E, 00.2, 356° M, 05.5, 046° Stbd, 112° M, , 
18/08/2026, 09:25:34 UTC, 38° 19.080' N, 026° 41.698' E, 00.0, 353° M, 04.2, 027° Port, 114° M, , 
18/08/2026, 09:25:51 UTC, 38° 19.080' N, 026° 41.698' E, 00.3, 354° M, 02.7, 048° Stbd, 102° M, , 
18/08/2026, 09:26:21 UTC, 38° 19.080' N, 026° 41.698' E, 00.1, 353° M, 06.7, 053° Stbd, 103° M, , 
18/08/2026, 09:26:51 UTC, 38° 19.080' N, 026° 41.698' E, - - - - -, - - - - -, 05.2, 027° Stbd, 110° M, , 
18/08/2026, 09:27:23 UTC, 38° 19.080' N, 026° 41.698' E, 00.1, 352° M, 03.3, 032° Port, 103° M, , 
18/08/2026, 09:27:40 UTC, 38° 19.080' N, 026° 41.698' E, 00.3, 357° M, 02.4, 058° Port, 105° M, , 
18/08/2026, 09:28:13 UTC, 38° 19.080' N, 026° 41.698' E, 00.1, 353° M, 01.7, 033° Port, 112° M, , 
18/08/2026, 09:28:46 UTC, 38° 19.080' N, 026° 41.698' E, 00.3, 353° M, 01.4, 025° Stbd, 105° M, , 
18/08/2026, 09:29:16 UTC, 38° 19.080' N, 026° 41.698' E, 00.0, 351° M, 04.2, 035° Stbd, 107° M, , 
18/08/2026, 09:29:49 UTC, 38° 19.080' N, 026° 41.698' E, 00.0, 359° M, 04.3, 035° Stbd, 101° M, , 
18/08/2026, 09:30:19 UTC, 38° 19.080' N, 026° 41.698' E, 00.1, 356° M, 02.9, 037° Port, 126° M, , 
18/08/2026, 09:30:49 UTC, 38° 19.080' N, 026° 41.698' E, - - - - -, - - - - -, 04.8, 011° Stbd, 120° M, , 
18/08/2026, 09:31:14 UTC, 38° 19.080' N, 026° 41.698' E, 00.0, 356° M, 03.5, 018° Port, 108° M, , 
18/08/2026, 09:31:44 UTC, 38° 19.080' N, 026° 41.698' E, 00.0, 354° M, 00.9, 027° Port, 115° M, , 
18/08/2026, 09:32:12 UTC, 38° 19.080' N, 026° 41.698' E, 00.3, 359° M, 03.2, 044° Stbd, 105° M, , 
18/08/2026, 09:32:43 UTC, 38° 19.080' N, 026° 41.698' E, 00.3, 354° M, 03.0, 016° Port, 116° M, , 
18/08/2026, 09:33:12 UTC, 38° 19.080' N, 026° 41.698' E, 00.2, 350° M, 03.2, 010° Port, 110° M, , 
18/08/2026, 09:33:40 UTC, 38° 19.080' N, 026° 41.698' E, 00.2, 358° M, 02.7, 045° Port, 114° M, , 
18/08/2026, 09:34:08 UTC, 38° 19.080' N, 026° 41.698' E, 00.1, 357° M, 03.7, 054° Port, 104° M, , 
18/08/2026, 09:34:41 UTC, 38° 19.080' N, 026° 41.698' E, 00.1, 357° M, 03.1, 028° Stbd, 109° M, , 
18/08/2026, 09:35:09 UTC, 38° 19.080' N, 026° 41.698' E, 00.1, 356° M, 03.5, 006° Port, 113° M, , 
18/08/2026, 09:35:39 UTC, 38° 19.080' N, 026° 41.698' E, 00.1, 359° M, 01.8, 038° Stbd, 099° M, , 
18/08/2026, 09:36:11 UTC, 38° 19.080' N, 026° 41.698' E, 00.3, 354° M, 02.9, 034° Stbd, 107° M, , 
18/08/2026, 09:36:42 UTC, 38° 19.080' N, 026° 41.698' E, 00.1, 352° M, 02.8, 017° Stbd, 128° M, , 
18/08/2026, 09:37:12 UTC, 38° 19.080' N, 026° 41.698' E, 00.0, 350° M, 03.8, 035° Port, 118° M, , 
18/08/2026, 09:37:44 UTC, 38° 19.080' N, 026° 41.698' E, 00.2, 354° M, 02.2, 023° Port, 117° M, , 
18/08/2026, 09:38:15 UTC, 38° 19.080' N, 026° 41.698' E, 00.0, 351° M, 02.7, 019° Stbd, 116° M, , 
18/08/2026, 09:38:32 UTC, 38° 19.080' N, 026° 41.698' E, 00.0, 359° M, 01.9, 031° Stbd, 116° M, , 
18/08/2026, 09:39:04 UTC, 38° 19.080' N, 026° 41.698' E, 00.1, 358° M, 04.3, 040° Port, 122° M, , 
18/08/2026, 09:39:21 UTC, 38° 19.080' N, 026° 41.698' E, 00.0, 352° M, 03.2, 026° Stbd, 106° M, , 
18/08/2026, 09:39:51 UTC, 38° 19.080' N, 026° 41.698' E, 00.1, 358° M, 04.5, 034° Stbd, 121° M, , 
18/08/2026, 09:40:21 UTC, 38° 19.080' N, 026° 41.698' E, 00.1, 355° M, 03.3, 053° Port, 115° M, , 
18/08/2026, 09:40:51 UTC, 38° 19.080' N, 026° 41.698' E, 00.0, 358° M, 02.3, 020° Port, 116° M, , 
18/08/2026, 09:41:24 UTC, 38° 19.080' N, 026° 41.698' E, 00.1, 356° M, 02.7, 055° Stbd, 125° M, , 
18/08/2026, 09:41:55 UTC, 38° 19.080' N, 026° 41.698' E, 00.1, 354° M, 04.6, 033° Port, 127° M, , 
18/08/2026, 09:42:25 UTC, 38° 19.080' N, 026° 41.698' E, 00.2, 358° M, 03.1, 043° Port, 116° M, , 
18/08/2026, 09:42:56 UTC, 38° 19.080' N, 026° 41.698' E, 00.0, 352° M, 02.7, 030° Port, 114° M, , 
18/08/2026, 09:43:25 UTC, 38° 19.080' N, 026° 41.698' E, 00.1, 353° M, 03.1, 025° Stbd, 126° M, , 
18/08/2026, 09:43:55 UTC, 38° 19.080' N, 026° 41.698' E, - - - - -, - - - - -, 04.2, 051° Stbd, 114° M, , 
18/08/2026, 09:44:25 UTC, 38° 19.080' N, 026° 41.698' E, - - - - -, - - - - -, 03.6, 025° Stbd, 118° M, , 
18/08/2026, 09:44:55 UTC, 38° 19.080' N, 026° 41.698' E, 00.0, 350° M, 01.9, 020° Port, 132° M, , 
18/08/2026, 09:45:25 UTC, 38° 19.080' N, 026° 41.698' E, 00.1, 350° M, 02.5, 009° Port, 119° M, , 
18/08/2026, 09:45:50 UTC, 38° 19.080' N, 026° 41.698' E, 00.1, 350° M, 01.4, 025° Port, 120° M, , 
18/08/2026, 09:46:19 UTC, 38° 19.080' N, 026° 41.698' E, 00.2, 359° M, 02.7, 044° Port, 117° M, , 
18/08/2026, 09:46:49 UTC, 38° 19.080' N, 026° 41.698' E, 00.2, 353° M, 02.6, 040° Port, 113° M, , 
18/08/2026, 09:47:18 UTC, 38° 19.080' N, 026° 41.698' E, 00.1, 357° M, 00.6, 066° Stbd, 121° M, , 
18/08/2026, 09:47:46 UTC, 38° 19.080' N, 026° 41.698' E, 00.2, 357° M, 01.6, 043° Port, 109° M, , 
18/08/2026, 09:48:16 UTC, 38° 19.080' N, 026° 41.698' E, 00.1, 359° M, 03.0, 020° Port, 105° M, , 
18/08/2026, 09:48:46 UTC, 38° 19.080' N, 026° 41.698' E, 00.0, 351° M, 02.1, 006° Port, 116° M, , 
18/08/2026, 09:49:14 UTC, 38° 19.080' N, 026° 41.698' E, 00.3, 354° M, 03.6, 005° Port, 124° M, , 
18/08/2026, 09:49:42 UTC, 38° 19.080' N, 026° 41.698' E, 00.0, 352° M, 04.5, 029° Port, 115° M, , 
18/08/2026, 09:49:59 UTC, 38° 19.080' N, 026° 41.698' E, 00.3, 350° M, 02.4, 057° Port, 124° M, , 
18/08/2026, 09:50:27 UTC, 38° 19.080' N, 026° 41.698' E, 00.0, 358° M, 04.3, 021° Port, 115° M, , 
18/08/2026, 09:51:00 UTC, 38° 19.080' N, 026° 41.698' E, 00.2, 352° M, 02.5, 027° Stbd, 119° M, , 
18/08/2026, 09:51:25 UTC, 38° 19.080' N, 026° 41.698' E, 00.2, 352° M, 02.8, 030° Stbd, 134° M, , 
18/08/2026, 09:51:54 UTC, 38° 19.080' N, 026° 41.698' E, 00.3, 351° M, 03.4, 028° Stbd, 131° M, , 
18/08/2026, 09:52:27 UTC, 38° 19.080' N, 026° 41.698' E, 00.1, 355° M, 03.0, 013° Port, 129° M, , 
18/08/2026, 09:52:57 UTC, 38° 19.080' N, 026° 41.698' E, 00.0, 350° M, 02.6, 046° Port, 113° M, , 
18/08/2026, 09:53:27 UTC, 38° 19.080' N, 026° 41.698' E, - - - - -, - - - - -, 05.1, 003° Port, 120° M, , 
18/08/2026, 09:53:55 UTC, 38° 19.080' N, 026° 41.698' E, 00.0, 358° M, 04.6, 036° Stbd, 132° M, , 
18/08/2026, 09:54:27 UTC, 38° 19.080' N, 026° 41.698' E, 00.2, 358° M, 03.9, 038° Stbd, 112° M, , 
18/08/2026, 09:54:57 UTC, 38° 19.080' N, 026° 41.698' E, 00.2, 357° M, 03.9, 035° Port, 110° M, , 
18/08/2026, 09:55:27 UTC, 38° 19.080' N, 026° 41.698' E, 00.2, 350° M, 04.5, 039° Port, 133° M, , 
18/08/2026, 09:55:55 UTC, 38° 19.080' N, 026° 41.698' E, 00.3, 350° M, 05.1, 040° Port, 121° M, , 
18/08/2026, 09:56:25 UTC, 38° 19.080' N, 026° 41.698' E, - - - - -, - - - - -, 04.3, 049° Port, 122° M, , 
18/08/2026, 09:56:55 UTC, 38° 19.080' N, 026° 41.698' E, 00.2, 355° M, 04.0, 087° Stbd, 103° M, , 
18/08/2026, 09:57:28 UTC, 38° 19.080' N, 026° 41.698' E, 00.1, 358° M, 06.1, 063° Port, 130° M, , 
18/08/2026, 09:57:58 UTC, 38° 19.080' N, 026° 41.698' E, 00.1, 359° M, 04.7, 034° Port, 119° M, , 
18/08/2026, 09:58:27 UTC, 38° 19.080' N, 026° 41.698' E, 00.2, 350° M, 04.5, 011° Port, 117° M, , 
18/08/2026, 09:58:59 UTC, 38° 19.080' N, 026° 41.698' E, 00.2, 354° M, 06.5, 020° Stbd, 126° M, , 
18/08/2026, 09:59:29 UTC, 38° 19.080' N, 026° 41.698' E, 00.3, 357° M, 02.8, 025° Stbd, 108° M, , 
18/08/2026, 10:00:00 UTC, 38° 19.080' N, 026° 41.698' E, 00.2, 356° M, 05.4, 021° Stbd, 114° M, , 
18/08/2026, 10:00:30 UTC, 38° 19.080' N, 026° 41.698' E, 00.2, 357° M, 03.8, 038° Port, 137° M, , 
18/08/2026, 10:01:00 UTC, 38° 19.080' N, 026° 41.698' E, 00.1, 352° M, 03.8, 048° Stbd, 123° M, , 
18/08/2026, 10:01:28 UTC, 38° 19.080' N, 026° 41.698' E, 00.2, 357° M, 04.7, 018° Port, 114° M, , 
18/08/2026, 10:01:53 UTC, 38° 19.080' N, 026° 41.698' E, 00.1, 359° M, 04.5, 001° Port, 121° M, , 
18/08/2026, 10:02:10 UTC, 38° 19.080' N, 026° 41.698' E, 00.0, 357° M, 02.9, 016° Port, 118° M, , 
18/08/2026, 10:02:27 UTC, 38° 19.080' N, 026° 41.698' E, 00.1, 355° M, 05.8, 054° Stbd, 127° M, , 
18/08/2026, 10:02:57 UTC, 38° 19.080' N, 026° 41.698' E, 00.3, 358° M, 03.6, 041° Stbd, 124° M, , 
18/08/2026, 10:03:29 UTC, 38° 19.080' N, 026° 41.698' E, 00.3, 353° M, 05.6, 043° Port, 126° M, , 
18/08/2026, 10:03:59 UTC, 38° 19.080' N, 026° 41.698' E, 00.1, 350° M, 04.6, 045° Port, 131° M, , 
18/08/2026, 10:04:30 UTC, 38° 19.080' N, 026° 41.698' E, 00.2, 353° M, 08.0, 008° Port, 122° M, , 
18/08/2026, 10:05:01 UTC, 38° 19.080' N, 026° 41.698' E, 00.1, 356° M, 05.6, 026° Port, 121° M, , 
18/08/2026, 10:05:18 UTC, 38° 19.080' N, 026° 41.698' E, 00.3, 357° M, 06.7, 031° Stbd, 123° M, , 
18/08/2026, 10:05:43 UTC, 38° 19.080' N, 026° 41.698' E, 00.1, 356° M, 06.1, 029° Stbd, 127° M, , 
18/08/2026, 10:06:16 UTC, 38° 19.080' N, 026° 41.698' E, 00.2, 353° M, 08.0, 000° Port, 126° M, , 
18/08/2026, 10:06:47 UTC, 38° 19.080' N, 026° 41.698' E, 00.2, 352° M, 07.4, 014° Port, 128° M, , 
18/08/2026, 10:07:17 UTC, 38° 19.080' N, 026° 41.698' E, 00.2, 356° M, 06.9, 003° Port, 118° M, , 
18/08/2026, 10:07:47 UTC, 38° 19.080' N, 026° 41.698' E, 00.0, 352° M, 06.6, 017° Port, 118° M, , 
18/08/2026, 10:08:12 UTC, 38° 19.080' N, 026° 41.698' E, 00.1, 356° M, 07.3, 037° Stbd, 126° M, , 
18/08/2026, 10:08:44 UTC, 38° 19.080' N, 026° 41.698' E, 00.2, 358° M, 07.3, 027° Stbd, 127° M, , 
18/08/2026, 10:09:14 UTC, 38° 19.080' N, 026° 41.698' E, 00.0, 351° M, 06.3, 063° Stbd, 123° M, , 
18/08/2026, 10:09:47 UTC, 38° 19.080' N, 026° 41.698' E, 00.2, 355° M, 08.1, 065° Stbd, 115° M, , 
18/08/2026, 10:10:18 UTC, 38° 19.080' N, 026° 41.698' E, 00.0, 357° M, 06.3, 040° Port, 119° M, , 
18/08/2026, 10:10:49 UTC, 38° 19.080' N, 026° 41.698' E, 00.2, 353° M, 07.4, 048° Stbd, 124° M, , 
18/08/2026, 10:11:19 UTC, 38° 19.080' N, 026° 41.698' E, 00.3, 352° M, 08.4, 018° Stbd, 124° M, , 
18/08/2026, 10:11:48 UTC, 38° 19.080' N, 026° 41.698' E, 00.1, 355° M, 07.8, 040° Port, 120° M, , 
18/08/2026, 10:12:16 UTC, 38° 19.080' N, 026° 41.698' E, 00.3, 356° M, 06.7, 014° Stbd, 130° M, , 
18/08/2026, 10:12:45 UTC, 38° 19.080' N, 026° 41.698' E, 00.1, 352° M, 07.0, 005° Port, 142° M, , 
18/08/2026, 10:13:18 UTC, 38° 19.080' N, 026° 41.698' E, 00.1, 353° M, 09.5, 040° Port, 124° M, , 
18/08/2026, 10:13:51 UTC, 38° 19.080' N, 026° 41.698' E, 00.0, 355° M, 07.2, 029° Port, 129° M, , 
18/08/2026, 10:14:21 UTC, 38° 19.080' N, 026° 41.698' E, 00.1, 353° M, 07.9, 041° Port, 129° M, , 
18/08/2026, 10:14:51 UTC, 38° 19.080' N, 026° 41.698' E, 00.1, 358° M, 08.9, 010° Stbd, 124° M, , 
18/08/2026, 10:15:21 UTC, 38° 19.080' N, 026° 41.698' E, - - - - -, - - - - -, 08.7, 051° Port, 132° M, , 
18/08/2026, 10:15:51 UTC, 38° 19.080' N, 026° 41.698' E, 00.2, 353° M, 05.8, 029° Stbd, 131° M, , 
18/08/2026, 10:16:21 UTC, 38° 19.080' N, 026° 41.698' E, 00.1, 358° M, 08.9, 041° Stbd, 131° M, , 
18/08/2026, 10:16:52 UTC, 38° 19.080' N, 026° 41.698' E, 00.3, 356° M, 08.8, 034° Port, 136° M, , 
18/08/2026, 10:17:22 UTC, 38° 19.080' N, 026° 41.698' E, 00.1, 350° M, 09.7, 043° Stbd, 120° M, , 
18/08/2026, 10:17:53 UTC, 38° 19.080' N, 026° 41.698' E, 00.0, 356° M, 06.2, 031° Port, 130° M, , 
18/08/2026, 10:18:21 UTC, 38° 19.080' N, 026° 41.698' E, 00.0, 353° M, 07.7, 027° Stbd, 132° M, , 
18/08/2026, 10:18:46 UTC, 38° 19.080' N, 026° 41.698' E, 00.0, 351° M, 06.8, 062° Port, 133° M, , 
18/08/2026, 10:19:18 UTC, 38° 19.080' N, 026° 41.698' E, 00.3, 350° M, 09.9, 026° Stbd, 143° M, , 
18/08/2026, 10:19:50 UTC, 38° 19.080' N, 026° 41.698' E, 00.2, 353° M, 08.1, 064° Port, 123° M, , 
18/08/2026, 10:20:15 UTC, 38° 19.080' N, 026° 41.698' E, 00.1, 350° M, 09.1, 050° Port, 128° M, , 
18/08/2026, 10:20:47 UTC, 38° 19.080' N, 026° 41.698' E, 00.0, 358° M, 06.2, 028° Stbd, 128° M, , 
18/08/2026, 10:21:12 UTC, 38° 19.080' N, 026° 41.698' E, 00.2, 356° M, 07.7, 026° Port, 135° M, , 
18/08/2026, 10:21:42 UTC, 38° 19.080' N, 026° 41.698' E, 00.2, 350° M, 08.0, 023° Port, 119° M, , 
18/08/2026, 10:22:10 UTC, 38° 19.080' N, 026° 41.698' E, 00.1, 356° M, 09.4, 025° Port, 134° M, , 
18/08/2026, 10:22:40 UTC, 38° 19.080' N, 026° 41.698' E, 00.2, 355° M, 10.3, 030° Port, 125° M, , 
18/08/2026, 10:23:11 UTC, 38° 19.080' N, 026° 41.698' E, 00.2, 352° M, 10.2, 029° Stbd, 121° M, , 
18/08/2026, 10:23:41 UTC, 38° 19.080' N, 026° 41.698' E, 00.3, 353° M, 08.4, 050° Port, 127° M, , 
18/08/2026, 10:24:09 UTC, 38° 19.080' N, 026° 41.698' E, 00.0, 359° M, 10.4, 033° Stbd, 133° M, , 
18/08/2026, 10:24:39 UTC, 38° 19.080' N, 026° 41.698' E, - - - - -, - - - - -, 08.8, 027° Port, 138° M, , 
18/08/2026, 10:25:12 UTC, 38° 19.080' N, 026° 41.698' E, 00.3, 359° M, 09.5, 042° Port, 125° M, , 
18/08/2026, 10:25:42 UTC, 38° 19.080' N, 026° 41.698' E, 00.0, 358° M, 10.7, 037° Stbd, 126° M, , 
18/08/2026, 10:26:12 UTC, 38° 19.080' N, 026° 41.698' E, 00.2, 352° M, 07.4, 049° Port, 134° M, , 
18/08/2026, 10:26:44 UTC, 38° 19.080' N, 026° 41.698' E, 00.3, 351° M, 07.4, 039° Stbd, 129° M, , 
18/08/2026, 10:27:15 UTC, 38° 19.080' N, 026° 41.698' E, 00.2, 354° M, 09.4, 049° Stbd, 119° M, , 
18/08/2026, 10:27:43 UTC, 38° 19.080' N, 026° 41.698' E, 00.2, 355° M, 08.4, 047° Stbd, 131° M, , 
18/08/2026, 10:28:13 UTC, 38° 19.080' N, 026° 41.698' E, 00.0, 353° M, 10.5, 047° Stbd, 136° M, , 
18/08/2026, 10:28:43 UTC, 38° 19.080' N, 026° 41.698' E, 00.3, 351° M, 08.2, 024° Port, 131° M, , 
18/08/2026, 10:29:16 UTC, 38° 19.080' N, 026° 41.698' E, - - - - -, - - - - -, 07.3, 041° Stbd, 129° M, , 
18/08/2026, 10:29:45 UTC, 38° 19.080' N, 026° 41.698' E, 00.2, 357° M, 08.4, 056° Stbd, 135° M, , 
18/08/2026, 10:30:18 UTC, 38° 19.080' N, 026° 41.698' E, 00.1, 355° M, 09.0, 046° Port, 128° M, , 
18/08/2026, 10:30:48 UTC, 38° 19.080' N, 026° 41.698' E, 00.1, 357° M, 08.0, 027° Port, 136° M, , 
18/08/2026, 10:31:13 UTC, 38° 19.080' N, 026° 41.698' E, 00.3, 352° M, 07.8, 050° Stbd, 139° M, , 
18/08/2026, 10:31:43 UTC, 38° 19.080' N, 026° 41.698' E, 00.0, 352° M, 08.0, 031° Port, 138° M, , 
18/08/2026, 10:32:15 UTC, 38° 19.080' N, 026° 41.698' E, 00.1, 353° M, 08.4, 026° Stbd, 140° M, , 
18/08/2026, 10:32:43 UTC, 38° 19.080' N, 026° 41.698' E, 00.3, 356° M, 07.6, 017° Port, 132° M, , 
18/08/2026, 10:33:08 UTC, 38° 19.080' N, 026° 41.698' E, 00.1, 353° M, 09.2, 035° Port, 127° M, , 
18/08/2026, 10:33:38 UTC, 38° 19.080' N, 026° 41.698' E, 00.0, 350° M, 06.6, 020° Port, 133° M, , 
18/08/2026, 10:34:10 UTC, 38° 19.080' N, 026° 41.698' E, 00.0, 351° M, 07.8, 054° Port, 145° M, , 
18/08/2026, 10:34:40 UTC, 38° 19.080' N, 026° 41.698' E, 00.1, 356° M, 09.0, 024° Port, 130° M, , 
18/08/2026, 10:35:13 UTC, 38° 19.080' N, 026° 41.698' E, - - - - -, - - - - -, 10.1, 034° Port, 132° M, , 
18/08/2026, 10:35:43 UTC, 38° 19.080' N, 026° 41.698' E, 00.1, 353° M, 07.6, 010° Stbd, 138° M, , 
18/08/2026, 10:36:13 UTC, 38° 19.080' N, 026° 41.698' E, 00.0, 357° M, 06.5, 013° Stbd, 140° M, , 
18/08/2026, 10:36:46 UTC, 38° 19.080' N, 026° 41.698' E, 00.1, 357° M, 08.3, 038° Port, 126° M, , 
18/08/2026, 10:37:16 UTC, 38° 19.080' N, 026° 41.698' E, - - - - -, - - - - -, 06.6, 030° Stbd, 136° M, , 
18/08/2026, 10:37:45 UTC, 38° 19.080' N, 026° 41.698' E, 00.2, 355° M, 07.8, 031° Stbd, 151° M, , 
18/08/2026, 10:38:13 UTC, 38° 19.080' N, 026° 41.698' E, 00.3, 359° M, 07.9, 049° Port, 135° M, , 
18/08/2026, 10:38:43 UTC, 38° 19.080' N, 026° 41.698' E, - - - - -, - - - - -, 05.7, 042° Port, 136° M, , 
18/08/2026, 10:39:00 UTC, 38° 19.080' N, 026° 41.698' E, 00.0, 357° M, 06.9, 037° Stbd, 139° M, , 
18/08/2026, 10:39:29 UTC, 38° 19.080' N, 026° 41.698' E, 00.2, 351° M, 06.7, 057° Port, 137° M, , 
18/08/2026, 10:39:59 UTC, 38° 19.080' N, 026° 41.698' E, 00.1, 354° M, 07.6, 026° Port, 127° M, , 
18/08/2026, 10:40:29 UTC, 38° 19.080' N, 026° 41.698' E, 00.1, 350° M, 07.8, 032° Port, 125° M, , 
18/08/2026, 10:40:59 UTC, 38° 19.080' N, 026° 41.698' E, 00.1, 359° M, 07.5, 043° Port, 138° M, , 
18/08/2026, 10:41:31 UTC, 38° 19.080' N, 026° 41.698' E, 00.3, 351° M, 08.0, 016° Stbd, 140° M, , 
18/08/2026, 10:42:01 UTC, 38° 19.080' N, 026° 41.698' E, 00.1, 359° M, 08.6, 041° Stbd, 141° M, , 
18/08/2026, 10:42:31 UTC, 38° 19.080' N, 026° 41.698' E, 00.2, 357° M, 08.4, 043° Stbd, 129° M, , 
18/08/2026, 10:43:01 UTC, 38° 19.080' N, 026° 41.698' E, 00.2, 355° M, 08.1, 031° Port, 131° M, , 
18/08/2026, 10:43:32 UTC, 38° 19.080' N, 026° 41.698' E, 00.2, 351° M, 06.3, 030° Port, 154° M, , 
18/08/2026, 10:44:00 UTC, 38° 19.080' N, 026° 41.698' E, 00.0, 359° M, 06.4, 050° Port, 154° M, , 
18/08/2026, 10:44:28 UTC, 38° 19.080' N, 026° 41.698' E, 00.1, 350° M, 04.4, 006° Stbd, 142° M, , 
18/08/2026, 10:44:53 UTC, 38° 19.080' N, 026° 41.698' E, 00.0, 358° M, 07.2, 057° Stbd, 135° M, , 
18/08/2026, 10:45:10 UTC, 38° 19.080' N, 026° 41.698' E, 00.3, 355° M, 06.1, 037° Port, 139° M, , 
18/08/2026, 10:45:35 UTC, 38° 19.080' N, 026° 41.698' E, 00.1, 353° M, 05.6, 009° Port, 132° M, , 
18/08/2026, 10:46:07 UTC, 38° 19.080' N, 026° 41.698' E, 00.2, 359° M, 07.4, 013° Stbd, 143° M, , 
18/08/2026, 10:46:40 UTC, 38° 19.080' N, 026° 41.698' E, 00.1, 358° M, 07.2, 041° Port, 149° M, , 
18/08/2026, 10:47:11 UTC, 38° 19.080' N, 026° 41.698' E, 00.2, 351° M, 07.0, 044° Port, 146° M, , 
18/08/2026, 10:47:39 UTC, 38° 19.080' N, 026° 41.698' E, 00.2, 351° M, 09.6, 031° Port, 136° M, , 
18/08/2026, 10:48:10 UTC, 38° 19.080' N, 026° 41.698' E, 00.0, 359° M, 06.4, 024° Port, 143° M, , 
18/08/2026, 10:48:27 UTC, 38° 19.080' N, 026° 41.698' E, 00.1, 359° M, 08.8, 031° Stbd, 152° M, , 
18/08/2026, 10:48:58 UTC, 38° 19.080' N, 026° 41.698' E, 00.2, 356° M, 06.6, 045° Stbd, 137° M, , 
18/08/2026, 10:49:26 UTC, 38° 19.080' N, 026° 41.698' E, 00.0, 356° M, 07.1, 006° Port, 146° M, , 
18/08/2026, 10:49:56 UTC, 38° 19.080' N, 026° 41.698' E, 00.2, 353° M, 04.7, 043° Stbd, 141° M, , 
18/08/2026, 10:50:26 UTC, 38° 19.080' N, 026° 41.698' E, 00.2, 359° M, 05.9, 030° Stbd, 144° M, , 
18/08/2026, 10:50:58 UTC, 38° 19.080' N, 026° 41.698' E, 00.2, 356° M, 06.8, 040° Stbd, 143° M, , 
18/08/2026, 10:51:30 UTC, 38° 19.080' N, 026° 41.698' E, 00.1, 350° M, 06.4, 031° Port, 148° M, , 
18/08/2026, 10:51:47 UTC, 38° 19.080' N, 026° 41.698' E, 00.1, 355° M, 08.2, 029° Port, 133° M, , 
18/08/2026, 10:52:16 UTC, 38° 19.080' N, 026° 41.698' E, 00.2, 358° M, 05.9, 020° Stbd, 150° M, , 
18/08/2026, 10:52:49 UTC, 38° 19.080' N, 026° 41.698' E, 00.1, 357° M, 06.9, 037° Stbd, 131° M, , 
18/08/2026, 10:53:19 UTC, 38° 19.080' N, 026° 41.698' E, 00.3, 354° M, 06.5, 050° Port, 146° M, , 
18/08/2026, 10:53:36 UTC, 38° 19.080' N, 026° 41.698' E, 00.3, 352° M, 06.8, 026° Stbd, 152° M, , 
18/08/2026, 10:54:04 UTC, 38° 19.080' N, 026° 41.698' E, 00.0, 350° M, 06.8, 049° Port, 148° M, , 
18/08/2026, 10:54:35 UTC, 38° 19.080' N, 026° 41.698' E, 00.2, 357° M, 06.3, 017° Stbd, 139° M, , 
18/08/2026, 10:55:05 UTC, 38° 19.080' N, 026° 41.698' E, 00.1, 351° M, 06.7, 047° Stbd, 138° M, , 
18/08/2026, 10:55:35 UTC, 38° 19.080' N, 026° 41.698' E, - - - - -, - - - - -, 06.5, 028° Stbd, 142° M, , 
18/08/2026, 10:56:05 UTC, 38° 19.080' N, 026° 41.698' E, 00.1, 351° M, 07.3, 034° Port, 140° M, , 
18/08/2026, 10:56:22 UTC, 38° 19.080' N, 026° 41.698' E, 00.2, 356° M, 07.6, 038° Stbd, 145° M, , 
18/08/2026, 10:56:52 UTC, 38° 19.080' N, 026° 41.698' E, 00.3, 355° M, 04.1, 043° Stbd, 142° M, , 
18/08/2026, 10:57:22 UTC, 38° 19.080' N, 026° 41.698' E, 00.0, 352° M, 06.9, 046° Port, 154° M, , 
18/08/2026, 10:57:50 UTC, 38° 19.080' N, 026° 41.698' E, 00.1, 354° M, 06.7, 052° Port, 148° M, , 
18/08/2026, 10:58:22 UTC, 38° 19.080' N, 026° 41.698' E, 00.0, 355° M, 05.6, 012° Stbd, 146° M, , 
18/08/2026, 10:58:52 UTC, 38° 19.080' N, 026° 41.698' E, 00.2, 352° M, 06.7, 069° Stbd, 146° M, , 
18/08/2026, 10:59:21 UTC, 38° 19.080' N, 026° 41.698' E, 00.1, 350° M, 07.9, 033° Stbd, 149° M, , 
18/08/2026, 10:59:51 UTC, 38° 19.080' N, 026° 41.698' E, 00.3, 352° M, 04.9, 035° Port, 147° M, , 
18/08/2026, 11:00:08 UTC, 38° 19.080' N, 026° 41.698' E, 00.1, 350° M, 08.1, 022° Stbd, 134° M, , 
18/08/2026, 11:00:38 UTC, 38° 19.080' N, 026° 41.698' E, 00.2, 359° M, 05.3, 063° Port, 149° M, , 
18/08/2026, 11:01:08 UTC, 38° 19.080' N, 026° 41.698' E, 00.0, 355° M, 05.9, 048° Stbd, 139° M, , 
18/08/2026, 11:01:41 UTC, 38° 19.080' N, 026° 41.698' E, 00.3, 350° M, 06.8, 017° Stbd, 143° M, , 
18/08/2026, 11:02:14 UTC, 38° 19.080' N, 026° 41.698' E, 00.1, 353° M, 09.4, 005° Port, 144° M, , 
18/08/2026, 11:02:44 UTC, 38° 19.080' N, 026° 41.698' E, 00.1, 350° M, 06.7, 036° Port, 133° M, , 
18/08/2026, 11:03:12 UTC, 38° 19.080' N, 026° 41.698' E, 00.1, 359° M, 08.0, 026° Stbd, 144° M, , 
18/08/2026, 11:03:41 UTC, 38° 19.080' N, 026° 41.698' E, 00.1, 350° M, 08.4, 048° Stbd, 145° M, , 
18/08/2026, 11:04:12 UTC, 38° 19.080' N, 026° 41.698' E, 00.1, 355° M, 08.8, 054° Port, 132° M, , 
18/08/2026, 11:04:41 UTC, 38° 19.080' N, 026° 41.698' E, 00.2, 359° M, 06.7, 038° Stbd, 140° M, , 
18/08/2026, 11:05:11 UTC, 38° 19.080' N, 026° 41.698' E, 00.1, 353° M, 06.3, 070° Port, 149° M, , 
18/08/2026, 11:05:43 UTC, 38° 19.080' N, 026° 41.698' E, 00.2, 359° M, 07.7, 009° Stbd, 135° M, , 
18/08/2026, 11:06:15 UTC, 38° 19.080' N, 026° 41.698' E, 00.3, 350° M, 07.2, 031° Stbd, 148° M, , 
18/08/2026, 11:06:40 UTC, 38° 19.080' N, 026° 41.698' E, 00.2, 350° M, 08.0, 013° Port, 162° M, , 
18/08/2026, 11:07:11 UTC, 38° 19.080' N, 026° 41.698' E, 00.1, 357° M, 06.3, 000° Stbd, 152° M, , 
18/08/2026, 11:07:42 UTC, 38° 19.080' N, 026° 41.698' E, 00.3, 358° M, 04.4, 033° Stbd, 146° M, , 
18/08/2026, 11:08:15 UTC, 38° 19.080' N, 026° 41.698' E, 00.3, 356° M, 08.1, 023° Stbd, 144° M, , 
18/08/2026, 11:08:48 UTC, 38° 19.080' N, 026° 41.698' E, 00.0, 352° M, 07.7, 040° Stbd, 149° M, , 
18/08/2026, 11:09:17 UTC, 38° 19.080' N, 026° 41.698' E, 00.2, 358° M, 07.8, 041° Stbd, 148° M, , 
18/08/2026, 11:09:45 UTC, 38° 19.080' N, 026° 41.698' E, 00.0, 354° M, 09.1, 050° Stbd, 142° M, , 
18/08/2026, 11:10:18 UTC, 38° 19.080' N, 026° 41.698' E, 00.2, 351° M, 07.8, 039° Port, 149° M, , 
18/08/2026, 11:10:47 UTC, 38° 19.080' N, 026° 41.698' E, 00.2, 357° M, 07.7, 036° Port, 149° M, , 
18/08/2026, 11:11:18 UTC, 38° 19.080' N, 026° 41.698' E, 00.1, 353° M, 07.4, 009° Port, 148° M, , 
18/08/2026, 11:11:48 UTC, 38° 19.080' N, 026° 41.698' E, 00.0, 351° M, 09.3, 026° Stbd, 150° M, , 
18/08/2026, 11:12:21 UTC, 38° 19.080' N, 026° 41.698' E, 00.3, 350° M, 10.5, 058° Stbd, 138° M, , 
18/08/2026, 11:12:51 UTC, 38° 19.080' N, 026° 41.698' E, 00.3, 350° M, 08.4, 074° Port, 146° M, , 
18/08/2026, 11:13:16 UTC, 38° 19.080' N, 026° 41.698' E, 00.3, 356° M, 10.0, 057° Stbd, 138° M, , 
18/08/2026, 11:13:44 UTC, 38° 19.080' N, 026° 41.698' E, 00.1, 352° M, 09.2, 073° Stbd, 156° M, , 
18/08/2026, 11:14:16 UTC, 38° 19.080' N, 026° 41.698' E, 00.2, 357° M, 09.5, 038° Port, 144° M, , 
18/08/2026, 11:14:33 UTC, 38° 19.080' N, 026° 41.698' E, 00.2, 350° M, 09.3, 060° Port, 150° M, , 
18/08/2026, 11:15:03 UTC, 38° 19.080' N, 026° 41.698' E, 00.1, 351° M, 08.7, 029° Port, 153° M, , 
18/08/2026, 11:15:33 UTC, 38° 19.080' N, 026° 41.698' E, 00.1, 354° M, 10.7, 028° Stbd, 157° M, , 
18/08/2026, 11:15:58 UTC, 38° 19.080' N, 026° 41.698' E, 00.3, 355° M, 08.9, 034° Stbd, 157° M, , 
18/08/2026, 11:16:28 UTC, 38° 19.080' N, 026° 41.698' E, 00.1, 351° M, 09.9, 038° Port, 149° M, , 
18/08/2026, 11:16:58 UTC, 38° 19.080' N, 026° 41.698' E, 00.2, 359° M, 10.5, 035° Port, 160° M, , 
18/08/2026, 11:17:28 UTC, 38° 19.080' N, 026° 41.698' E, 00.3, 351° M, 08.4, 030° Stbd, 157° M, , 
18/08/2026, 11:17:59 UTC, 38° 19.080' N, 026° 41.698' E, 00.2, 352° M, 11.4, 019° Port, 148° M, , 
18/08/2026, 11:18:16 UTC, 38° 19.080' N, 026° 41.698' E, 00.1, 357° M, 09.6, 038° Stbd, 157° M, , 
18/08/2026, 11:18:46 UTC, 38° 19.080' N, 026° 41.698' E, 00.1, 357° M, 12.7, 018° Port, 161° M, , 
18/08/2026, 11:19:14 UTC, 38° 19.080' N, 026° 41.698' E, 00.3, 357° M, 09.7, 032° Port, 154° M, , 
18/08/2026, 11:19:44 UTC, 38° 19.080' N, 026° 41.698' E, 00.0, 354° M, 10.5, 032° Port, 159° M, , 
18/08/2026, 11:20:14 UTC, 38° 19.080' N, 026° 41.698' E, 00.2, 359° M, 10.3, 060° Port, 169° M, , 
18/08/2026, 11:20:44 UTC, 38° 19.080' N, 026° 41.698' E, 00.1, 351° M, 10.6, 048° Stbd, 160° M, , 
18/08/2026, 11:21:09 UTC, 38° 19.080' N, 026° 41.698' E, 00.2, 351° M, 11.0, 048° Port, 169° M, , 
18/08/2026, 11:21:40 UTC, 38° 19.080' N, 026° 41.698' E, 00.2, 359° M, 10.6, 050° Port, 152° M, , 
18/08/2026, 11:22:13 UTC, 38° 19.080' N, 026° 41.698' E, 00.3, 352° M, 13.7, 053° Stbd, 148° M, , 
18/08/2026, 11:22:41 UTC, 38° 19.080' N, 026° 41.698' E, 00.3, 353° M, 11.5, 058° Port, 158° M, , 
18/08/2026, 11:23:11 UTC, 38° 19.080' N, 026° 41.698' E, 00.2, 356° M, 12.2, 023° Stbd, 151° M, , 
18/08/2026, 11:23:40 UTC, 38° 19.080' N, 026° 41.698' E, 00.1, 351° M, 12.7, 039° Stbd, 161° M, , 
18/08/2026, 11:24:09 UTC, 38° 19.080' N, 026° 41.698' E, 00.3, 359° M, 10.1, 072° Port, 154° M, , 
18/08/2026, 11:24:42 UTC, 38° 19.080' N, 026° 41.698' E, 00.2, 354° M, 11.4, 046° Stbd, 150° M, , 
18/08/2026, 11:25:12 UTC, 38° 19.080' N, 026° 41.698' E, 00.1, 355° M, 11.1, 024° Port, 139° M, , 
18/08/2026, 11:25:42 UTC, 38° 19.080' N, 026° 41.698' E, 00.2, 351° M, 12.3, 043° Stbd, 151° M, , 
18/08/2026, 11:26:12 UTC, 38° 19.080' N, 026° 41.698' E, 00.0, 355° M, 14.0, 005° Port, 150° M, , 
18/08/2026, 11:26:42 UTC, 38° 19.080' N, 026° 41.698' E, 00.1, 359° M, 10.9, 058° Port, 143° M, , 
18/08/2026, 11:27:12 UTC, 38° 19.080' N, 026° 41.698' E, 00.2, 357° M, 13.4, 016° Port, 165° M, , 
18/08/2026, 11:27:42 UTC, 38° 19.080' N, 026° 41.698' E, 00.2, 351° M, 11.2, 051° Port, 146° M, , 
18/08/2026, 11:28:14 UTC, 38° 19.080' N, 026° 41.698' E, 00.1, 354° M, 12.3, 047° Port, 162° M, , 
18/08/2026, 11:28:45 UTC, 38° 19.080' N, 026° 41.698' E, 00.2, 355° M, 13.8, 033° Stbd, 158° M, , 
18/08/2026, 11:29:17 UTC, 38° 19.080' N, 026° 41.698' E, 00.2, 354° M, 12.7, 038° Port, 163° M, , 
18/08/2026, 11:29:45 UTC, 38° 19.080' N, 026° 41.698' E, - - - - -, - - - - -, 14.3, 025° Port, 154° M, , 
18/08/2026, 11:30:16 UTC, 38° 19.080' N, 026° 41.698' E, 00.2, 352° M, 14.5, 036° Port, 161° M, , 
18/08/2026, 11:30:44 UTC, 38° 19.080' N, 026° 41.698' E, 00.3, 351° M, 14.3, 053° Port, 163° M, , 
18/08/2026, 11:31:14 UTC, 38° 19.080' N, 026° 41.698' E, 00.2, 350° M, 14.1, 037° Stbd, 156° M, , 
18/08/2026, 11:31:31 UTC, 38° 19.080' N, 026° 41.698' E, 00.2, 352° M, 14.7, 043° Port, 157° M, , 
18/08/2026, 11:32:01 UTC, 38° 19.080' N, 026° 41.698' E, 00.2, 358° M, 12.2, 037° Stbd, 161° M, , 
18/08/2026, 11:32:32 UTC, 38° 19.080' N, 026° 41.698' E, 00.3, 358° M, 12.8, 050° Stbd, 154° M, , 
18/08/2026, 11:33:01 UTC, 38° 19.080' N, 026° 41.698' E, 00.2, 353° M, 13.8, 067° Port, 162° M, , 
18/08/2026, 11:33:32 UTC, 38° 19.080' N, 026° 41.698' E, 00.2, 358° M, 12.6, 017° Port, 163° M, , 
18/08/2026, 11:34:02 UTC, 38° 19.080' N, 026° 41.698' E, 00.1, 358° M, 15.0, 019° Stbd, 148° M, , 
18/08/2026, 11:34:31 UTC, 38° 19.080' N, 026° 41.698' E, - - - - -, - - - - -, 15.1, 051° Stbd, 161° M, , 
18/08/2026, 11:35:04 UTC, 38° 19.080' N, 026° 41.698' E, 00.1, 358° M, 14.3, 048° Port, 159° M, , 
18/08/2026, 11:35:36 UTC, 38° 19.080' N, 026° 41.698' E, 00.1, 352° M, 13.2, 019° Stbd, 164° M, , 
18/08/2026, 11:36:07 UTC, 38° 19.080' N, 026° 41.698' E, 00.1, 350° M, 14.7, 034° Stbd, 166° M, , 
18/08/2026, 11:36:37 UTC, 38° 19.080' N, 026° 41.698' E, 00.0, 352° M, 13.7, 075° Port, 143° M, , 
18/08/2026, 11:37:07 UTC, 38° 19.080' N, 026° 41.698' E, 00.3, 355° M, 14.0, 036° Port, 158° M, , 
18/08/2026, 11:37:37 UTC, 38° 19.080' N, 026° 41.698' E, 00.0, 359° M, 14.3, 030° Stbd, 162° M, , 
18/08/2026, 11:38:07 UTC, 38° 19.080' N, 026° 41.698' E, 00.1, 353° M, 16.0, 020° Port, 141° M, , 
18/08/2026, 11:38:38 UTC, 38° 19.080' N, 026° 41.698' E, 00.0, 355° M, 15.8, 037° Stbd, 154° M, , 
18/08/2026, 11:39:11 UTC, 38° 19.080' N, 026° 41.698' E, 00.1, 350° M, 16.6, 022° Port, 157° M, , 
18/08/2026, 11:39:41 UTC, 38° 19.080' N, 026° 41.698' E, 00.1, 350° M, 13.9, 031° Port, 171° M, , 
18/08/2026, 11:39:58 UTC, 38° 19.080' N, 026° 41.698' E, 00.0, 352° M, 13.9, 028° Stbd, 177° M, , 
18/08/2026, 11:40:28 UTC, 38° 19.080' N, 026° 41.698' E, 00.3, 359° M, 14.5, 042° Stbd, 169° M, , 
18/08/2026, 11:41:01 UTC, 38° 19.080' N, 026° 41.698' E, 00.1, 359° M, 14.9, 035° Port, 146° M, , 
18/08/2026, 11:41:30 UTC, 38° 19.080' N, 026° 41.698' E, 00.2, 357° M, 14.4, 058° Port, 150° M, , 
18/08/2026, 11:42:00 UTC, 38° 19.080' N, 026° 41.698' E, 00.1, 352° M, 14.4, 035° Stbd, 168° M, , 
18/08/2026, 11:42:28 UTC, 38° 19.080' N, 026° 41.698' E, - - - - -, - - - - -, 14.1, 022° Stbd, 175° M, , 
18/08/2026, 11:43:00 UTC, 38° 19.080' N, 026° 41.698' E, 00.2, 354° M, 16.4, 031° Port, 157° M, , 
18/08/2026, 11:43:33 UTC, 38° 19.080' N, 026° 41.698' E, 00.0, 356° M, 12.9, 022° Port, 160° M, , 
18/08/2026, 11:44:01 UTC, 38° 19.080' N, 026° 41.698' E, 00.1, 354° M, 14.0, 037° Stbd, 162° M, , 
18/08/2026, 11:44:31 UTC, 38° 19.080' N, 026° 41.698' E, 00.1, 355° M, 16.2, 034° Port, 163° M, , 
18/08/2026, 11:45:02 UTC, 38° 19.080' N, 026° 41.698' E, 00.0, 356° M, 12.4, 003° Stbd, 163° M, , 
18/08/2026, 11:45:19 UTC, 38° 19.080' N, 026° 41.698' E, 00.2, 357° M, 13.4, 018° Stbd, 159° M, , 
18/08/2026, 11:45:51 UTC, 38° 19.080' N, 026° 41.698' E, - - - - -, - - - - -, 13.3, 026° Stbd, 183° M, , 
18/08/2026, 11:46:21 UTC, 38° 19.080' N, 026° 41.698' E, 00.3, 352° M, 12.4, 044° Stbd, 164° M, , 
18/08/2026, 11:46:51 UTC, 38° 19.080' N, 026° 41.698' E, 00.2, 356° M, 12.6, 026° Port, 156° M, , 
18/08/2026, 11:47:19 UTC, 38° 19.080' N, 026° 41.698' E, 00.3, 352° M, 14.2, 008° Stbd, 152° M, , 
18/08/2026, 11:47:50 UTC, 38° 19.080' N, 026° 41.698' E, 00.2, 357° M, 13.3, 050° Stbd, 145° M, , 
18/08/2026, 11:48:22 UTC, 38° 19.080' N, 026° 41.698' E, - - - - -, - - - - -, 15.7, 058° Stbd, 167° M, , 
18/08/2026, 11:48:52 UTC, 38° 19.080' N, 026° 41.698' E, 00.0, 354° M, 14.1, 036° Port, 162° M, , 
18/08/2026, 11:49:22 UTC, 38° 19.080' N, 026° 41.698' E, 00.1, 354° M, 14.1, 025° Stbd, 162° M, , 
18/08/2026, 11:49:52 UTC, 38° 19.080' N, 026° 41.698' E, 00.0, 354° M, 15.2, 024° Port, 169° M, , 
18/08/2026, 11:50:23 UTC, 38° 19.080' N, 026° 41.698' E, 00.3, 355° M, 14.0, 021° Stbd, 156° M, , 
18/08/2026, 11:50:48 UTC, 38° 19.080' N, 026° 41.698' E, 00.1, 354° M, 14.1, 058° Stbd, 151° M, , 
18/08/2026, 11:51:18 UTC, 38° 19.080' N, 026° 41.698' E, 00.2, 356° M, 11.2, 050° Stbd, 165° M, , 
18/08/2026, 11:51:47 UTC, 38° 19.080' N, 026° 41.698' E, 00.2, 359° M, 16.4, 025° Port, 164° M, , 
18/08/2026, 11:52:19 UTC, 38° 19.080' N, 026° 41.698' E, 00.1, 357° M, 14.6, 006° Stbd, 161° M, , 
18/08/2026, 11:52:47 UTC, 38° 19.080' N, 026° 41.698' E, 00.0, 355° M, 13.5, 027° Port, 153° M, , 
18/08/2026, 11:53:20 UTC, 38° 19.080' N, 026° 41.698' E, 00.2, 357° M, 14.3, 040° Port, 168° M, , 
18/08/2026, 11:53:53 UTC, 38° 19.080' N, 026° 41.698' E, 00.2, 357° M, 15.5, 035° Stbd, 166° M, , 
18/08/2026, 11:54:22 UTC, 38° 19.080' N, 026° 41.698' E, 00.3, 350° M, 13.8, 023° Stbd, 170° M, , 
18/08/2026, 11:54:52 UTC, 38° 19.080' N, 026° 41.698' E, 00.0, 356° M, 14.8, 071° Stbd, 153° M, , 
18/08/2026, 11:55:17 UTC, 38° 19.080' N, 026° 41.698' E, 00.0, 359° M, 15.3, 030° Port, 180° M, , 
18/08/2026, 11:55:50 UTC, 38° 19.080' N, 026° 41.698' E, 00.1, 352° M, 13.5, 029° Stbd, 158° M, , 
18/08/2026, 11:56:20 UTC, 38° 19.080' N, 026° 41.698' E, 00.2, 354° M, 13.0, 020° Port, 166° M, , 
18/08/2026, 11:56:50 UTC, 38° 19.080' N, 026° 41.698' E, 00.2, 358° M, 11.5, 030° Stbd, 161° M, , 
18/08/2026, 11:57:20 UTC, 38° 19.080' N, 026° 41.698' E, 00.1, 353° M, 15.7, 043° Stbd, 168° M, , 
18/08/2026, 11:57:48 UTC, 38° 19.080' N, 026° 41.698' E, 00.0, 358° M, 13.1, 035° Port, 146° M, , 
18/08/2026, 11:58:18 UTC, 38° 19.080' N, 026° 41.698' E, 00.2, 354° M, 13.2, 061° Port, 166° M, , 
18/08/2026, 11:58:35 UTC, 38° 19.080' N, 026° 41.698' E, 00.1, 353° M, 11.9, 046° Port, 167° M, , 
18/08/2026, 11:59:00 UTC, 38° 19.080' N, 026° 41.698' E, 00.1, 358° M, 14.7, 028° Port, 164° M, , 
18/08/2026, 11:59:32 UTC, 38° 19.080' N, 026° 41.698' E, 00.1, 354° M, 13.0, 050° Stbd, 171° M, , 
18/08/2026, 12:00:02 UTC, 38° 19.080' N, 026° 41.698' E, 00.2, 352° M, 13.7, 032° Port, 168° M, , 
18/08/2026, 12:00:32 UTC, 38° 19.080' N, 026° 41.698' E, 00.3, 355° M, 14.8, 036° Stbd, 169° M, , 
18/08/2026, 12:01:02 UTC, 38° 19.080' N, 026° 41.698' E, 00.3, 357° M, 14.6, 027° Stbd, 164° M, , 
18/08/2026, 12:01:33 UTC, 38° 19.080' N, 026° 41.698' E, 00.2, 358° M, 14.1, 066° Stbd, 178° M, , 
18/08/2026, 12:02:02 UTC, 38° 19.080' N, 026° 41.698' E, 00.3, 350° M, 12.7, 044° Stbd, 166° M, , 
18/08/2026, 12:02:32 UTC, 38° 19.080' N, 026° 41.698' E, 00.0, 353° M, 12.7, 036° Port, 177° M, , 
18/08/2026, 12:02:49 UTC, 38° 19.080' N, 026° 41.698' E, 00.2, 350° M, 12.7, 043° Stbd, 171° M, , 
18/08/2026, 12:03:19 UTC, 38° 19.080' N, 026° 41.698' E, 00.3, 355° M, 14.7, 030° Port, 177° M, , 
18/08/2026, 12:03:49 UTC, 38° 19.080' N, 026° 41.698' E, 00.2, 359° M, 15.3, 034° Stbd, 165° M, , 
18/08/2026, 12:04:21 UTC, 38° 19.080' N, 026° 41.698' E, 00.2, 353° M, 12.4, 019° Stbd, 168° M, , 
18/08/2026, 12:04:54 UTC, 38° 19.080' N, 026° 41.698' E, 00.1, 359° M, 11.6, 021° Port, 161° M, , 
18/08/2026, 12:05:24 UTC, 38° 19.080' N, 026° 41.698' E, 00.3, 350° M, 14.9, 036° Port, 171° M, , 
18/08/2026, 12:05:57 UTC, 38° 19.080' N, 026° 41.698' E, 00.1, 353° M, 15.1, 004° Stbd, 169° M, , 
18/08/2026, 12:06:27 UTC, 38° 19.080' N, 026° 41.698' E, 00.2, 352° M, 13.9, 066° Port, 183° M, , 
18/08/2026, 12:06:55 UTC, 38° 19.080' N, 026° 41.698' E, 00.2, 355° M, 11.7, 028° Stbd, 163° M, , 
18/08/2026, 12:07:12 UTC, 38° 19.080' N, 026° 41.698' E, 00.1, 357° M, 14.0, 025° Port, 175° M, , 
18/08/2026, 12:07:42 UTC, 38° 19.080' N, 026° 41.698' E, 00.2, 358° M, 14.0, 029° Stbd, 172° M, , 
18/08/2026, 12:08:12 UTC, 38° 19.080' N, 026° 41.698' E, 00.3, 357° M, 14.2, 007° Port, 177° M, , 
18/08/2026, 12:08:41 UTC, 38° 19.080' N, 026° 41.698' E, 00.1, 350° M, 13.3, 016° Stbd, 178° M, , 
18/08/2026, 12:09:10 UTC, 38° 19.080' N, 026° 41.698' E, 00.1, 357° M, 13.1, 010° Port, 181° M, , 
18/08/2026, 12:09:38 UTC, 38° 19.080' N, 026° 41.698' E, 00.2, 353° M, 10.6, 030° Stbd, 167° M, , 
18/08/2026, 12:09:55 UTC, 38° 19.080' N, 026° 41.698' E, 00.3, 353° M, 14.8, 059° Port, 164° M, , 
18/08/2026, 12:10:25 UTC, 38° 19.080' N, 026° 41.698' E, 00.2, 354° M, 13.8, 018° Port, 177° M, , 
18/08/2026, 12:10:54 UTC, 38° 19.080' N, 026° 41.698' E, 00.2, 353° M, 14.3, 042° Port, 170° M, , 
18/08/2026, 12:11:26 UTC, 38° 19.080' N, 026° 41.698' E, 00.0, 354° M, 13.2, 007° Port, 178° M, , 
18/08/2026, 12:11:51 UTC, 38° 19.080' N, 026° 41.698' E, 00.1, 350° M, 13.6, 025° Port, 167° M, , 
18/08/2026, 12:12:20 UTC, 38° 19.080' N, 026° 41.698' E, 00.3, 354° M, 13.0, 031° Port, 156° M, , 
18/08/2026, 12:12:37 UTC, 38° 19.080' N, 026° 41.698' E, 00.0, 356° M, 14.0, 032° Stbd, 166° M, , 
18/08/2026, 12:13:09 UTC, 38° 19.080' N, 026° 41.698' E, 00.2, 357° M, 15.6, 034° Stbd, 192° M, , 
18/08/2026, 12:13:38 UTC, 38° 19.080' N, 026° 41.698' E, 00.1, 354° M, 13.5, 015° Port, 172° M, , 
18/08/2026, 12:14:03 UTC, 38° 19.080' N, 026° 41.698' E, 00.2, 358° M, 14.1, 038° Port, 172° M, , 
18/08/2026, 12:14:33 UTC, 38° 19.080' N, 026° 41.698' E, 00.1, 359° M, 12.7, 011° Port, 154° M, , 
18/08/2026, 12:15:03 UTC, 38° 19.080' N, 026° 41.698' E, 00.3, 351° M, 13.4, 051° Port, 163° M, , 
18/08/2026, 12:15:28 UTC, 38° 19.080' N, 026° 41.698' E, 00.2, 351° M, 14.6, 028° Stbd, 169° M, , 
18/08/2026, 12:15:58 UTC, 38° 19.080' N, 026° 41.698' E, 00.2, 356° M, 16.2, 027° Stbd, 175° M, , 
18/08/2026, 12:16:15 UTC, 38° 19.080' N, 026° 41.698' E, 00.2, 358° M, 13.9, 033° Port, 163° M, , 
18/08/2026, 12:16:45 UTC, 38° 19.080' N, 026° 41.698' E, 00.2, 352° M, 13.9, 023° Stbd, 165° M, , 
18/08/2026, 12:17:15 UTC, 38° 19.080' N, 026° 41.698' E, 00.3, 353° M, 17.3, 004° Stbd, 177° M, , 
18/08/2026, 12:17:40 UTC, 38° 19.080' N, 026° 41.698' E, 00.1, 359° M, 14.9, 035° Port, 178° M, , 
18/08/2026, 12:18:10 UTC, 38° 19.080' N, 026° 41.698' E, 00.2, 356° M, 16.8, 007° Port, 168° M, , 
18/08/2026, 12:18:27 UTC, 38° 19.080' N, 026° 41.698' E, 00.0, 353° M, 15.6, 033° Stbd, 173° M, , 
18/08/2026, 12:18:57 UTC, 38° 19.080' N, 026° 41.698' E, 00.2, 358° M, 15.7, 032° Port, 167° M, , 
18/08/2026, 12:19:29 UTC, 38° 19.080' N, 026° 41.698' E, 00.1, 350° M, 15.2, 071° Port, 171° M, , 
18/08/2026, 12:19:58 UTC, 38° 19.080' N, 026° 41.698' E, 00.1, 350° M, 14.9, 013° Stbd, 175° M, , 
18/08/2026, 12:20:23 UTC, 38° 19.080' N, 026° 41.698' E, 00.0, 350° M, 13.4, 067° Stbd, 178° M, , 
18/08/2026, 12:20:52 UTC, 38° 19.080' N, 026° 41.698' E, 00.2, 350° M, 14.7, 051° Port, 168° M, , 
18/08/2026, 12:21:24 UTC, 38° 19.080' N, 026° 41.698' E, 00.0, 355° M, 14.2, 005° Port, 171° M, , 
18/08/2026, 12:21:54 UTC, 38° 19.080' N, 026° 41.698' E, 00.2, 355° M, 15.3, 001° Port, 168° M, , 
18/08/2026, 12:22:26 UTC, 38° 19.080' N, 026° 41.698' E, 00.3, 358° M, 15.9, 038° Stbd, 173° M, , 
18/08/2026, 12:22:57 UTC, 38° 19.080' N, 026° 41.698' E, 00.2, 359° M, 16.4, 012° Port, 165° M, , 
18/08/2026, 12:23:14 UTC, 38° 19.080' N, 026° 41.698' E, 00.2, 356° M, 12.8, 046° Stbd, 171° M, , 
18/08/2026, 12:23:45 UTC, 38° 19.080' N, 026° 41.698' E, 00.1, 354° M, 14.3, 032° Port, 179° M, , 
18/08/2026, 12:24:18 UTC, 38° 19.080' N, 026° 41.698' E, 00.2, 358° M, 16.6, 046° Port, 171° M, , 
18/08/2026, 12:24:43 UTC, 38° 19.080' N, 026° 41.698' E, 00.3, 350° M, 17.2, 019° Stbd, 179° M, , 
18/08/2026, 12:25:08 UTC, 38° 19.080' N, 026° 41.698' E, 00.0, 353° M, 15.2, 041° Stbd, 172° M, , 
18/08/2026, 12:25:41 UTC, 38° 19.080' N, 026° 41.698' E, 00.2, 357° M, 14.0, 013° Port, 180° M, , 
18/08/2026, 12:26:13 UTC, 38° 19.080' N, 026° 41.698' E, 00.2, 357° M, 17.1, 025° Stbd, 191° M, , 
18/08/2026, 12:26:30 UTC, 38° 19.080' N, 026° 41.698' E, 00.1, 356° M, 15.8, 056° Port, 176° M, , 
18/08/2026, 12:27:03 UTC, 38° 19.080' N, 026° 41.698' E, 00.1, 350° M, 16.0, 046° Port, 178° M, , 
18/08/2026, 12:27:36 UTC, 38° 19.080' N, 026° 41.698' E, 00.2, 350° M, 18.9, 032° Stbd, 178° M, , 
18/08/2026, 12:28:09 UTC, 38° 19.080' N, 026° 41.698' E, 00.2, 350° M, 18.3, 041° Stbd, 175° M, , 
18/08/2026, 12:28:39 UTC, 38° 19.080' N, 026° 41.698' E, 00.2, 353° M, 18.3, 057° Stbd, 175° M, , 
18/08/2026, 12:29:10 UTC, 38° 19.080' N, 026° 41.698' E, 00.1, 352° M, 15.9, 032° Port, 180° M, , 
18/08/2026, 12:29:40 UTC, 38° 19.080' N, 026° 41.698' E, 00.3, 356° M, 19.5, 024° Stbd, 169° M, , 
18/08/2026, 12:29:57 UTC, 38° 19.080' N, 026° 41.698' E, 00.1, 358° M, 15.6, 039° Stbd, 178° M, , 
18/08/2026, 12:30:27 UTC, 38° 19.080' N, 026° 41.698' E, 00.2, 358° M, 18.2, 076° Stbd, 179° M, , 
18/08/2026, 12:30:55 UTC, 38° 19.080' N, 026° 41.698' E, - - - - -, - - - - -, 16.6, 042° Port, 182° M, , 
18/08/2026, 12:31:25 UTC, 38° 19.080' N, 026° 41.698' E, 00.1, 355° M, 16.5, 029° Port, 174° M, , 
18/08/2026, 12:31:56 UTC, 38° 19.080' N, 026° 41.698' E, 00.2, 359° M, 17.4, 010° Port, 178° M, , 
18/08/2026, 12:32:26 UTC, 38° 19.080' N, 026° 41.698' E, 00.3, 358° M, 19.0, 033° Port, 170° M, , 
18/08/2026, 12:32:55 UTC, 38° 19.080' N, 026° 41.698' E, 00.1, 353° M, 18.1, 049° Port, 176° M, , 
18/08/2026, 12:33:23 UTC, 38° 19.080' N, 026° 41.698' E, 00.0, 351° M, 20.0, 034° Stbd, 180° M, , 
18/08/2026, 12:33:53 UTC, 38° 19.080' N, 026° 41.698' E, 00.2, 352° M, 19.6, 026° Port, 170° M, , 
18/08/2026, 12:34:23 UTC, 38° 19.080' N, 026° 41.698' E, 00.1, 358° M, 18.4, 033° Stbd, 166° M, , 
18/08/2026, 12:34:51 UTC, 38° 19.080' N, 026° 41.698' E, 00.1, 350° M, 20.1, 066° Stbd, 171° M, , 
18/08/2026, 12:35:21 UTC, 38° 19.080' N, 026° 41.698' E, 00.2, 356° M, 18.2, 050° Stbd, 180° M, , 
18/08/2026, 12:35:52 UTC, 38° 19.080' N, 026° 41.698' E, 00.3, 351° M, 20.0, 002° Stbd, 182° M, , 
18/08/2026, 12:36:22 UTC, 38° 19.080' N, 026° 41.698' E, 00.1, 350° M, 20.1, 033° Port, 180° M, , 
18/08/2026, 12:36:50 UTC, 38° 19.080' N, 026° 41.698' E, 00.0, 352° M, 20.4, 033° Stbd, 174° M, , 
18/08/2026, 12:37:23 UTC, 38° 19.080' N, 026° 41.698' E, 00.3, 359° M, 19.2, 038° Port, 176° M, , 
18/08/2026, 12:37:53 UTC, 38° 19.080' N, 026° 41.698' E, 00.1, 359° M, 19.7, 051° Port, 179° M, , 
18/08/2026, 12:38:23 UTC, 38° 19.080' N, 026° 41.698' E, 00.0, 359° M, 20.3, 060° Stbd, 182° M, , 
18/08/2026, 12:38:54 UTC, 38° 19.080' N, 026° 41.698' E, 00.1, 353° M, 19.5, 046° Port, 173° M, , 
18/08/2026, 12:39:23 UTC, 38° 19.080' N, 026° 41.698' E, 00.1, 359° M, 19.4, 023° Port, 170° M, , 
18/08/2026, 12:39:56 UTC, 38° 19.080' N, 026° 41.698' E, 00.2, 350° M, 18.8, 039° Stbd, 188° M, , 
18/08/2026, 12:40:24 UTC, 38° 19.080' N, 026° 41.698' E, 00.2, 359° M, 20.8, 055° Port, 183° M, , 
18/08/2026, 12:40:53 UTC, 38° 19.080' N, 026° 41.698' E, 00.1, 358° M, 22.4, 043° Port, 176° M, , 
18/08/2026, 12:41:25 UTC, 38° 19.080' N, 026° 41.698' E, 00.1, 354° M, 20.2, 043° Port, 185° M, , 
18/08/2026, 12:41:55 UTC, 38° 19.080' N, 026° 41.698' E, 00.1, 355° M, 21.4, 044° Port, 188° M, , 
18/08/2026, 12:42:25 UTC, 38° 19.080' N, 026° 41.698' E, 00.1, 351° M, 20.5, 050° Stbd, 183° M, , 
18/08/2026, 12:42:58 UTC, 38° 19.080' N, 026° 41.698' E, 00.3, 353° M, 22.1, 048° Stbd, 167° M, , 
18/08/2026, 12:43:29 UTC, 38° 19.080' N, 026° 41.698' E, 00.1, 355° M, 18.5, 038° Stbd, 187° M, , 
18/08/2026, 12:43:57 UTC, 38° 19.080' N, 026° 41.698' E, 00.0, 356° M, 22.1, 017° Port, 169° M, , 
18/08/2026, 12:44:30 UTC, 38° 19.080' N, 026° 41.698' E, 00.3, 359° M, 22.7, 028° Stbd, 181° M, , 
18/08/2026, 12:45:00 UTC, 38° 19.080' N, 026° 41.698' E, 00.2, 357° M, 20.8, 059° Stbd, 176° M, , 
18/08/2026, 12:45:30 UTC, 38° 19.080' N, 026° 41.698' E, 00.3, 352° M, 21.9, 061° Port, 173° M, , 
18/08/2026, 12:46:03 UTC, 38° 19.080' N, 026° 41.698' E, 00.2, 353° M, 22.5, 045° Stbd, 179° M, , 
18/08/2026, 12:46:20 UTC, 38° 19.080' N, 026° 41.698' E, 00.2, 354° M, 21.7, 014° Stbd, 167° M, , 
18/08/2026, 12:46:49 UTC, 38° 19.080' N, 026° 41.698' E, - - - - -, - - - - -, 23.1, 003° Port, 183° M, , 
18/08/2026, 12:47:21 UTC, 38° 19.080' N, 026° 41.698' E, 00.0, 355° M, 22.3, 020° Port, 173° M, , 
18/08/2026, 12:47:50 UTC, 38° 19.080' N, 026° 41.698' E, 00.2, 350° M, 21.0, 040° Port, 186° M, , 
18/08/2026, 12:48:07 UTC, 38° 19.080' N, 026° 41.698' E, 00.2, 351° M, 22.8, 021° Port, 197° M, , 
18/08/2026, 12:48:36 UTC, 38° 19.080' N, 026° 41.698' E, 00.2, 352° M, 23.0, 022° Port, 178° M, , 
18/08/2026, 12:49:06 UTC, 38° 19.080' N, 026° 41.698' E, 00.1, 359° M, 22.2, 028° Port, 176° M, , 
18/08/2026, 12:49:23 UTC, 38° 19.080' N, 026° 41.698' E, 00.0, 358° M, 23.1, 045° Stbd, 185° M, , 
18/08/2026, 12:49:51 UTC, 38° 19.080' N, 026° 41.698' E, 00.1, 356° M, 23.6, 029° Port, 176° M, , 
18/08/2026, 12:50:08 UTC, 38° 19.080' N, 026° 41.698' E, 00.3, 353° M, 22.4, 047° Port, 176° M, , 
18/08/2026, 12:50:39 UTC, 38° 19.080' N, 026° 41.698' E, 00.2, 355° M, 25.2, 006° Stbd, 187° M, , 
18/08/2026, 12:51:09 UTC, 38° 19.080' N, 026° 41.698' E, 00.3, 353° M, 23.6, 053° Port, 188° M, , 
18/08/2026, 12:51:39 UTC, 38° 19.080' N, 026° 41.698' E, 00.1, 358° M, 25.0, 036° Stbd, 172° M, , 
18/08/2026, 12:52:08 UTC, 38° 19.080' N, 026° 41.698' E, 00.1, 358° M, 22.8, 043° Port, 178° M, , 
18/08/2026, 12:52:36 UTC, 38° 19.080' N, 026° 41.698' E, 00.2, 354° M, 22.5, 063° Stbd, 182° M, , 
18/08/2026, 12:52:53 UTC, 38° 19.080' N, 026° 41.698' E, 00.2, 359° M, 23.6, 006° Port, 184° M, , 
18/08/2026, 12:53:23 UTC, 38° 19.080' N, 026° 41.698' E, 00.3, 351° M, 21.5, 026° Stbd, 184° M, , 
18/08/2026, 12:53:52 UTC, 38° 19.080' N, 026° 41.698' E, 00.1, 355° M, 21.8, 029° Port, 191° M, , 
18/08/2026, 12:54:22 UTC, 38° 19.080' N, 026° 41.698' E, 00.2, 351° M, 23.6, 033° Port, 177° M, , 
18/08/2026, 12:54:52 UTC, 38° 19.080' N, 026° 41.698' E, 00.2, 354° M, 23.8, 047° Port, 190° M, , 
18/08/2026, 12:55:25 UTC, 38° 19.080' N, 026° 41.698' E, 00.2, 350° M, 24.7, 009° Port, 181° M, , 
18/08/2026, 12:55:54 UTC, 38° 19.080' N, 026° 41.698' E, 00.1, 357° M, 24.9, 042° Port, 193° M, , 
18/08/2026, 12:56:19 UTC, 38° 19.080' N, 026° 41.698' E, 00.3, 355° M, 23.5, 002° Port, 170° M, , 
18/08/2026, 12:56:49 UTC, 38° 19.080' N, 026° 41.698' E, 00.2, 352° M, 25.2, 026° Stbd, 197° M, , 
18/08/2026, 12:57:22 UTC, 38° 19.080' N, 026° 41.698' E, 00.2, 358° M, 24.2, 043° Port, 181° M, , 
18/08/2026, 12:57:54 UTC, 38° 19.080' N, 026° 41.698' E, - - - - -, - - - - -, 23.8, 050° Port, 196° M, , 
18/08/2026, 12:58:25 UTC, 38° 19.080' N, 026° 41.698' E, 00.2, 354° M, 23.1, 030° Port, 204° M, , 
18/08/2026, 12:58:57 UTC, 38° 19.080' N, 026° 41.698' E, 00.1, 352° M, 25.8, 059° Port, 184° M, , 
18/08/2026, 12:59:27 UTC, 38° 19.080' N, 026° 41.698' E, 00.2, 359° M, 23.5, 049° Port, 179° M, , 
18/08/2026, 12:59:52 UTC, 38° 19.080' N, 026° 41.698' E, 00.1, 355° M, 25.6, 016° Stbd, 194° M, , 
'Date, 'Time, 'Latitude, 'Longitude, 'SOG, 'COG, 'TWS, 'TWA, 'TWD, 'Comment, 
18/08/2026, 13:40:09 UTC, 38° 19.080' N, 026° 41.698' E, 00.3, 352° M, 25.0, 026° Port, 210° M, , 
18/08/2026, 13:40:39 UTC, 38° 19.080' N, 026° 41.698' E, 00.1, 357° M, 25.9, 005° Port, 201° M, , 
18/08/2026, 13:41:07 UTC, 38° 19.080' N, 026° 41.698' E, 00.1, 356° M, 27.0, 039° Port, 197° M, , 
18/08/2026, 13:41:37 UTC, 38° 19.080' N, 026° 41.698' E, 00.1, 352° M, 26.5, 033° Port, 197° M, , 
18/08/2026, 13:42:07 UTC, 38° 19.080' N, 026° 41.698' E, 00.0, 355° M, 25.4, 046° Stbd, 201° M, , 
18/08/2026, 13:42:35 UTC, 38° 19.080' N, 026° 41.698' E, 00.0, 359° M, 27.7, 046° Stbd, 200° M, , 
18/08/2026, 13:43:05 UTC, 38° 19.080' N, 026° 41.698' E, 00.2, 356° M, 27.8, 031° Port, 207° M, , 
18/08/2026, 13:43:35 UTC, 38° 19.080' N, 026° 41.698' E, 00.2, 357° M, 27.3, 053° Stbd, 195° M, , 
18/08/2026, 13:43:52 UTC, 38° 19.080' N, 026° 41.698' E, 00.2, 353° M, 26.4, 046° Stbd, 203° M, , 
18/08/2026, 13:44:09 UTC, 38° 19.080' N, 026° 41.698' E, 00.0, 354° M, 26.8, 043° Port, 203° M, , 
18/08/2026, 13:44:38 UTC, 38° 19.080' N, 026° 41.698' E, 00.1, 354° M, 28.9, 016° Stbd, 205° M, , 
18/08/2026, 13:44:55 UTC, 38° 19.080' N, 026° 41.698' E, 00.3, 359° M, 28.4, 038° Port, 214° M, , 
18/08/2026, 13:45:12 UTC, 38° 19.080' N, 026° 41.698' E, 00.3, 359° M, 29.0, 043° Port, 211° M, , 
18/08/2026, 13:45:42 UTC, 38° 19.080' N, 026° 41.698' E, 00.0, 354° M, 28.8, 037° Port, 197° M, , 
18/08/2026, 13:46:12 UTC, 38° 19.080' N, 026° 41.698' E, 00.0, 353° M, 28.2, 053° Port, 207° M, , 
18/08/2026, 13:46:45 UTC, 38° 19.080' N, 026° 41.698' E, 00.1, 355° M, 28.8, 050° Stbd, 211° M, , 
18/08/2026, 13:47:17 UTC, 38° 19.080' N, 026° 41.698' E, 00.2, 350° M, 27.7, 024° Port, 201° M, , 
18/08/2026, 13:47:34 UTC, 38° 19.080' N, 026° 41.698' E, 00.2, 354° M, 29.2, 059° Stbd, 211° M, , 
18/08/2026, 13:48:07 UTC, 38° 19.080' N, 026° 41.698' E, 00.2, 352° M, 28.7, 025° Port, 206° M, , 
18/08/2026, 13:48:36 UTC, 38° 19.080' N, 026° 41.698' E, 00.1, 355° M, 28.0, 036° Port, 196° M, , 
18/08/2026, 13:49:08 UTC, 38° 19.080' N, 026° 41.698' E, 00.2, 357° M, 30.3, 052° Stbd, 196° M, , 
18/08/2026, 13:49:25 UTC, 38° 19.080' N, 026° 41.698' E, 00.1, 351° M, 27.5, 018° Port, 195° M, , 
18/08/2026, 13:49:55 UTC, 38° 19.080' N, 026° 41.698' E, 00.0, 352° M, 30.6, 044° Stbd, 211° M, , 
18/08/2026, 13:50:20 UTC, 38° 19.080' N, 026° 41.698' E, 00.0, 355° M, 26.5, 021° Port, 206° M, , 
18/08/2026, 13:50:52 UTC, 38° 19.080' N, 026° 41.698' E, 00.1, 350° M, 30.0, 038° Stbd, 202° M, , 
18/08/2026, 13:51:21 UTC, 38° 19.080' N, 026° 41.698' E, 00.3, 350° M, 31.3, 010° Stbd, 216° M, , 
18/08/2026, 13:51:51 UTC, 38° 19.080' N, 026° 41.698' E, 00.3, 357° M, 28.7, 048° Stbd, 203° M, , 
18/08/2026, 13:52:21 UTC, 38° 19.080' N, 026° 41.698' E, 00.1, 359° M, 30.8, 048° Stbd, 202° M, , 
18/08/2026, 13:52:46 UTC, 38° 19.080' N, 026° 41.698' E, 00.2, 353° M, 29.2, 030° Stbd, 203° M, , 
18/08/2026, 13:53:18 UTC, 38° 19.080' N, 026° 41.698' E, 00.3, 352° M, 27.8, 065° Stbd, 205° M, , 
18/08/2026, 13:53:51 UTC, 38° 19.080' N, 026° 41.698' E, 00.3, 351° M, 28.8, 049° Stbd, 212° M, , 
18/08/2026, 13:54:21 UTC, 38° 19.080' N, 026° 41.698' E, 00.1, 350° M, 30.3, 046° Stbd, 191° M, , 
18/08/2026, 13:54:51 UTC, 38° 19.080' N, 026° 41.698' E, 00.0, 353° M, 31.7, 029° Port, 208° M, , 
18/08/2026, 13:55:21 UTC, 38° 19.080' N, 026° 41.698' E, 00.3, 355° M, 29.6, 023° Port, 208° M, , 
18/08/2026, 13:55:38 UTC, 38° 19.080' N, 026° 41.698' E, 00.1, 352° M, 31.4, 038° Port, 203° M, , 
18/08/2026, 13:56:08 UTC, 38° 19.080' N, 026° 41.698' E, 00.2, 351° M, 31.2, 060° Port, 200° M, , 
18/08/2026, 13:56:41 UTC, 38° 19.080' N, 026° 41.698' E, 00.3, 356° M, 31.1, 054° Stbd, 208° M, , 
18/08/2026, 13:57:10 UTC, 38° 19.080' N, 026° 41.698' E, 00.2, 351° M, 30.3, 041° Port, 214° M, , 
18/08/2026, 13:57:42 UTC, 38° 19.080' N, 026° 41.698' E, 00.0, 357° M, 30.5, 027° Port, 206° M, , 
18/08/2026, 13:58:12 UTC, 38° 19.080' N, 026° 41.698' E, 00.3, 359° M, 31.9, 044° Port, 199° M, , 
18/08/2026, 13:58:42 UTC, 38° 19.080' N, 026° 41.698' E, 00.2, 359° M, 30.2, 064° Port, 209° M, , 
18/08/2026, 13:59:15 UTC, 38° 19.080' N, 026° 41.698' E, 00.2, 358° M, 32.8, 046° Stbd, 196° M, , 
18/08/2026, 13:59:32 UTC, 38° 19.080' N, 026° 41.698' E, 00.2, 350° M, 30.5, 048° Stbd, 202° M, , 
18/08/2026, 14:00:04 UTC, 38° 19.080' N, 026° 41.698' E, 00.1, 354° M, 32.5, 087° Port, 210° M, , 
18/08/2026, 14:00:33 UTC, 38° 19.080' N, 026° 41.698' E, 00.2, 357° M, 32.7, 030° Port, 199° M, , 
18/08/2026, 14:01:01 UTC, 38° 19.080' N, 026° 41.698' E, 00.1, 356° M, 30.4, 002° Port, 208° M, , 
18/08/2026, 14:01:18 UTC, 38° 19.080' N, 026° 41.698' E, 00.2, 351° M, 31.6, 038° Port, 213° M, , 
18/08/2026, 14:01:51 UTC, 38° 19.080' N, 026° 41.698' E, 00.2, 350° M, 32.5, 049° Stbd, 223° M, , 
18/08/2026, 14:02:20 UTC, 38° 19.080' N, 026° 41.698' E, 00.2, 350° M, 32.8, 059° Port, 212° M, , 
18/08/2026, 14:02:50 UTC, 38° 19.080' N, 026° 41.698' E, - - - - -, - - - - -, 32.3, 028° Port, 209° M, , 
18/08/2026, 14:03:07 UTC, 38° 19.080' N, 026° 41.698' E, 00.1, 350° M, 31.6, 042° Port, 209° M, , 
18/08/2026, 14:03:38 UTC, 38° 19.080' N, 026° 41.698' E, 00.1, 350° M, 34.0, 018° Port, 212° M, , 
18/08/2026, 14:04:08 UTC, 38° 19.080' N, 026° 41.698' E, 00.0, 350° M, 33.8, 059° Port, 216° M, , 
18/08/2026, 14:04:37 UTC, 38° 19.080' N, 026° 41.698' E, 00.2, 350° M, 32.0, 054° Stbd, 222° M, , 
18/08/2026, 14:05:08 UTC, 38° 19.080' N, 026° 41.698' E, 00.2, 354° M, 32.9, 028° Stbd, 209° M, , 
18/08/2026, 14:05:38 UTC, 38° 19.080' N, 026° 41.698' E, 00.1, 354° M, 32.7, 034° Stbd, 209° M, , 
18/08/2026, 14:06:08 UTC, 38° 19.080' N, 026° 41.698' E, 00.0, 359° M, 32.3, 037° Port, 206° M, , 
18/08/2026, 14:06:40 UTC, 38° 19.080' N, 026° 41.698' E, 00.0, 353° M, 32.2, 012° Port, 222° M, , 
18/08/2026, 14:07:05 UTC, 38° 19.080' N, 026° 41.698' E, 00.0, 358° M, 33.9, 028° Stbd, 218° M, , 
18/08/2026, 14:07:35 UTC, 38° 19.080' N, 026° 41.698' E, 00.2, 353° M, 32.6, 033° Port, 207° M, , 
18/08/2026, 14:08:00 UTC, 38° 19.080' N, 026° 41.698' E, 00.2, 356° M, 31.7, 019° Stbd, 209° M, , 
18/08/2026, 14:08:17 UTC, 38° 19.080' N, 026° 41.698' E, 00.3, 355° M, 33.1, 046° Port, 197° M, , 
18/08/2026, 14:08:49 UTC, 38° 19.080' N, 026° 41.698' E, 00.3, 357° M, 30.9, 029° Stbd, 208° M, , 
18/08/2026, 14:09:19 UTC, 38° 19.080' N, 026° 41.698' E, 00.3, 359° M, 33.8, 047° Stbd, 204° M, , 
18/08/2026, 14:09:49 UTC, 38° 19.080' N, 026° 41.698' E, 00.2, 352° M, 34.4, 004° Port, 216° M, , 
18/08/2026, 14:10:18 UTC, 38° 19.080' N, 026° 41.698' E, 00.1, 358° M, 32.0, 032° Port, 199° M, , 
18/08/2026, 14:10:49 UTC, 38° 19.080' N, 026° 41.698' E, 00.3, 356° M, 31.8, 041° Port, 220° M, , 
18/08/2026, 14:11:19 UTC, 38° 19.080' N, 026° 41.698' E, 00.2, 359° M, 32.9, 038° Stbd, 210° M, , 
18/08/2026, 14:11:52 UTC, 38° 19.080' N, 026° 41.698' E, 00.2, 351° M, 33.4, 007° Stbd, 204° M, , 
18/08/2026, 14:12:20 UTC, 38° 19.080' N, 026° 41.698' E, 00.3, 356° M, 35.1, 037° Port, 220° M, , 
18/08/2026, 14:12:50 UTC, 38° 19.080' N, 026° 41.698' E, - - - - -, - - - - -, 33.7, 076° Stbd, 222° M, , 
18/08/2026, 14:13:20 UTC, 38° 19.080' N, 026° 41.698' E, 00.1, 353° M, 34.4, 031° Port, 219° M, , 
18/08/2026, 14:13:53 UTC, 38° 19.080' N, 026° 41.698' E, 00.3, 352° M, 32.7, 037° Port, 217° M, , 
18/08/2026, 14:14:10 UTC, 38° 19.080' N, 026° 41.698' E, 00.2, 350° M, 33.0, 059° Stbd, 217° M, , 
18/08/2026, 14:14:43 UTC, 38° 19.080' N, 026° 41.698' E, 00.0, 358° M, 34.2, 012° Stbd, 205° M, , 
18/08/2026, 14:15:13 UTC, 38° 19.080' N, 026° 41.698' E, 00.2, 357° M, 33.5, 037° Port, 213° M, , 
18/08/2026, 14:15:46 UTC, 38° 19.080' N, 026° 41.698' E, 00.2, 357° M, 34.6, 021° Stbd, 221° M, , 
18/08/2026, 14:16:15 UTC, 38° 19.080' N, 026° 41.698' E, 00.2, 355° M, 33.1, 039° Stbd, 222° M, , 
18/08/2026, 14:16:47 UTC, 38° 19.080' N, 026° 41.698' E, 00.2, 353° M, 34.2, 064° Port, 211° M, , 
18/08/2026, 14:17:15 UTC, 38° 19.080' N, 026° 41.698' E, 00.1, 351° M, 32.1, 044° Port, 210° M, , 
18/08/2026, 14:17:45 UTC, 38° 19.080' N, 026° 41.698' E, 00.2, 357° M, 32.0, 062° Stbd, 224° M, , 
18/08/2026, 14:18:15 UTC, 38° 19.080' N, 026° 41.698' E, 00.1, 352° M, 33.5, 058° Port, 221° M, , 
18/08/2026, 14:18:45 UTC, 38° 19.080' N, 026° 41.698' E, 00.3, 352° M, 33.4, 020° Stbd, 210° M, , 
18/08/2026, 14:19:10 UTC, 38° 19.080' N, 026° 41.698' E, 00.1, 359° M, 34.2, 005° Stbd, 202° M, , 
18/08/2026, 14:19:43 UTC, 38° 19.080' N, 026° 41.698' E, 00.2, 356° M, 33.2, 017° Port, 219° M, , 
18/08/2026, 14:20:12 UTC, 38° 19.080' N, 026° 41.698' E, 00.3, 353° M, 31.7, 039° Port, 211° M, , 
18/08/2026, 14:20:42 UTC, 38° 19.080' N, 026° 41.698' E, 00.0, 359° M, 33.4, 033° Port, 211° M, , 
18/08/2026, 14:20:59 UTC, 38° 19.080' N, 026° 41.698' E, 00.1, 357° M, 34.9, 008° Port, 204° M, , 
18/08/2026, 14:21:28 UTC, 38° 19.080' N, 026° 41.698' E, 00.1, 356° M, 31.7, 028° Stbd, 199° M, , 
18/08/2026, 14:21:57 UTC, 38° 19.080' N, 026° 41.698' E, 00.1, 353° M, 32.3, 053° Port, 209° M, , 
18/08/2026, 14:22:26 UTC, 38° 19.080' N, 026° 41.698' E, 00.2, 351° M, 33.1, 059° Port, 222° M, , 
18/08/2026, 14:22:59 UTC, 38° 19.080' N, 026° 41.698' E, 00.2, 355° M, 31.0, 009° Port, 223° M, , 
18/08/2026, 14:23:30 UTC, 38° 19.080' N, 026° 41.698' E, 00.2, 357° M, 33.2, 018° Stbd, 230° M, , 
18/08/2026, 14:23:55 UTC, 38° 19.080' N, 026° 41.698' E, 00.1, 359° M, 32.1, 065° Port, 221° M, , 
18/08/2026, 14:24:25 UTC, 38° 19.080' N, 026° 41.698' E, 00.1, 356° M, 34.6, 037° Stbd, 211° M, , 
18/08/2026, 14:24:55 UTC, 38° 19.080' N, 026° 41.698' E, 00.1, 353° M, 33.0, 018° Port, 218° M, , 
18/08/2026, 14:25:25 UTC, 38° 19.080' N, 026° 41.698' E, 00.0, 357° M, 34.0, 019° Port, 217° M, , 
18/08/2026, 14:25:58 UTC, 38° 19.080' N, 026° 41.698' E, 00.3, 359° M, 32.7, 008° Port, 223° M, , 
18/08/2026, 14:26:31 UTC, 38° 19.080' N, 026° 41.698' E, 00.1, 353° M, 31.8, 041° Port, 211° M, , 
18/08/2026, 14:27:01 UTC, 38° 19.080' N, 026° 41.698' E, 00.2, 354° M, 32.7, 020° Stbd, 220° M, , 
18/08/2026, 14:27:31 UTC, 38° 19.080' N, 026° 41.698' E, - - - - -, - - - - -, 30.3, 065° Port, 222° M, , 
18/08/2026, 14:28:01 UTC, 38° 19.080' N, 026° 41.698' E, - - - - -, - - - - -, 33.1, 018° Stbd, 222° M, , 
18/08/2026, 14:28:31 UTC, 38° 19.080' N, 026° 41.698' E, 00.1, 359° M, 34.2, 025° Port, 214° M, , 
18/08/2026, 14:29:01 UTC, 38° 19.080' N, 026° 41.698' E, 00.2, 350° M, 33.4, 063° Port, 227° M, , 
18/08/2026, 14:29:29 UTC, 38° 19.080' N, 026° 41.698' E, 00.2, 357° M, 32.4, 044° Port, 210° M, , 
18/08/2026, 14:29:58 UTC, 38° 19.080' N, 026° 41.698' E, 00.2, 351° M, 34.1, 043° Stbd, 212° M, , 
18/08/2026, 14:30:23 UTC, 38° 19.080' N, 026° 41.698' E, 00.2, 355° M, 32.9, 036° Stbd, 210° M, , 
18/08/2026, 14:30:48 UTC, 38° 19.080' N, 026° 41.698' E, 00.3, 356° M, 32.7, 052° Port, 228° M, , 
18/08/2026, 14:31:18 UTC, 38° 19.080' N, 026° 41.698' E, 00.2, 357° M, 35.3, 031° Port, 219° M, , 
18/08/2026, 14:31:49 UTC, 38° 19.080' N, 026° 41.698' E, 00.1, 354° M, 31.9, 020° Port, 212° M, , 
18/08/2026, 14:32:06 UTC, 38° 19.080' N, 026° 41.698' E, 00.2, 358° M, 33.2, 039° Port, 216° M, , 
18/08/2026, 14:32:36 UTC, 38° 19.080' N, 026° 41.698' E, 00.1, 359° M, 32.6, 041° Port, 218° M, , 
18/08/2026, 14:33:06 UTC, 38° 19.080' N, 026° 41.698' E, 00.0, 356° M, 31.3, 051° Stbd, 211° M, , 
18/08/2026, 14:33:31 UTC, 38° 19.080' N, 026° 41.698' E, - - - - -, - - - - -, 32.3, 025° Stbd, 226° M, , 
18/08/2026, 14:33:59 UTC, 38° 19.080' N, 026° 41.698' E, 00.1, 352° M, 33.8, 036° Stbd, 220° M, , 
18/08/2026, 14:34:24 UTC, 38° 19.080' N, 026° 41.698' E, 00.1, 353° M, 30.3, 031° Port, 220° M, , 
18/08/2026, 14:34:57 UTC, 38° 19.080' N, 026° 41.698' E, 00.3, 352° M, 34.1, 039° Port, 217° M, , 
18/08/2026, 14:35:27 UTC, 38° 19.080' N, 026° 41.698' E, 00.3, 356° M, 33.3, 052° Stbd, 225° M, , 
18/08/2026, 14:35:58 UTC, 38° 19.080' N, 026° 41.698' E, 00.1, 357° M, 32.9, 020° Port, 212° M, , 
18/08/2026, 14:36:28 UTC, 38° 19.080' N, 026° 41.698' E, 00.2, 351° M, 32.7, 049° Stbd, 225° M, , 
18/08/2026, 14:36:56 UTC, 38° 19.080' N, 026° 41.698' E, 00.1, 356° M, 31.7, 001° Port, 221° M, , 
18/08/2026, 14:37:26 UTC, 38° 19.080' N, 026° 41.698' E, 00.1, 354° M, 31.1, 030° Port, 227° M, , 
18/08/2026, 14:37:54 UTC, 38° 19.080' N, 026° 41.698' E, 00.1, 354° M, 34.5, 053° Port, 213° M, , 
18/08/2026, 14:38:22 UTC, 38° 19.080' N, 026° 41.698' E, 00.2, 357° M, 32.3, 038° Port, 204° M, , 
18/08/2026, 14:38:50 UTC, 38° 19.080' N, 026° 41.698' E, - - - - -, - - - - -, 31.6, 018° Port, 214° M, , 
18/08/2026, 14:39:15 UTC, 38° 19.080' N, 026° 41.698' E, 00.1, 353° M, 30.8, 055° Stbd, 221° M, , 
18/08/2026, 14:39:45 UTC, 38° 19.080' N, 026° 41.698' E, 00.2, 356° M, 30.2, 047° Stbd, 216° M, , 
18/08/2026, 14:40:18 UTC, 38° 19.080' N, 026° 41.698' E, 00.2, 356° M, 32.2, 052° Stbd, 223° M, , 
18/08/2026, 14:40:51 UTC, 38° 19.080' N, 026° 41.698' E, - - - - -, - - - - -, 31.7, 047° Stbd, 215° M, , 
18/08/2026, 14:41:21 UTC, 38° 19.080' N, 026° 41.698' E, 00.3, 357° M, 32.4, 030° Stbd, 230° M, , 
18/08/2026, 14:41:49 UTC, 38° 19.080' N, 026° 41.698' E, 00.1, 353° M, 33.5, 011° Port, 234° M, , 
18/08/2026, 14:42:20 UTC, 38° 19.080' N, 026° 41.698' E, 00.3, 355° M, 33.1, 048° Stbd, 217° M, , 
18/08/2026, 14:42:37 UTC, 38° 19.080' N, 026° 41.698' E, 00.1, 351° M, 32.5, 024° Port, 224° M, , 
18/08/2026, 14:43:02 UTC, 38° 19.080' N, 026° 41.698' E, 00.2, 351° M, 32.8, 039° Stbd, 234° M, , 
18/08/2026, 14:43:32 UTC, 38° 19.080' N, 026° 41.698' E, 00.2, 350° M, 31.3, 033° Stbd, 226° M, , 
18/08/2026, 14:44:02 UTC, 38° 19.080' N, 026° 41.698' E, 00.3, 354° M, 33.2, 005° Port, 216° M, , 
18/08/2026, 14:44:32 UTC, 38° 19.080' N, 026° 41.698' E, 00.1, 351° M, 32.9, 009° Stbd, 209° M, , 
18/08/2026, 14:45:03 UTC, 38° 19.080' N, 026° 41.698' E, 00.2, 356° M, 32.5, 010° Stbd, 228° M, , 
18/08/2026, 14:45:33 UTC, 38° 19.080' N, 026° 41.698' E, 00.0, 359° M, 30.9, 030° Port, 224° M, , 
18/08/2026, 14:46:06 UTC, 38° 19.080' N, 026° 41.698' E, 00.3, 356° M, 35.1, 056° Port, 227° M, , 
18/08/2026, 14:46:35 UTC, 38° 19.080' N, 026° 41.698' E, 00.0, 352° M, 32.9, 045° Stbd, 218° M, , 
18/08/2026, 14:47:05 UTC, 38° 19.080' N, 026° 41.698' E, 00.1, 355° M, 30.9, 034° Port, 225° M, , 
18/08/2026, 14:47:30 UTC, 38° 19.080' N, 026° 41.698' E, 00.2, 350° M, 33.1, 018° Port, 223° M, , 
18/08/2026, 14:48:00 UTC, 38° 19.080' N, 026° 41.698' E, 00.1, 355° M, 32.9, 011° Port, 217° M, , 
18/08/2026, 14:48:30 UTC, 38° 19.080' N, 026° 41.698' E, 00.2, 354° M, 33.4, 016° Port, 223° M, , 
18/08/2026, 14:48:58 UTC, 38° 19.080' N, 026° 41.698' E, 00.1, 359° M, 31.9, 021° Port, 241° M, , 
18/08/2026, 14:49:15 UTC, 38° 19.080' N, 026° 41.698' E, 00.3, 354° M, 31.6, 036° Port, 227° M, , 
18/08/2026, 14:49:45 UTC, 38° 19.080' N, 026° 41.698' E, 00.2, 358° M, 32.9, 015° Port, 220° M, , 
18/08/2026, 14:50:15 UTC, 38° 19.080' N, 026° 41.698' E, 00.0, 352° M, 32.2, 064° Port, 235° M, , 
18/08/2026, 14:50:48 UTC, 38° 19.080' N, 026° 41.698' E, 00.3, 350° M, 33.9, 037° Stbd, 232° M, , 
18/08/2026, 14:51:18 UTC, 38° 19.080' N, 026° 41.698' E, 00.2, 355° M, 33.3, 045° Stbd, 227° M, , 
18/08/2026, 14:51:46 UTC, 38° 19.080' N, 026° 41.698' E, 00.0, 356° M, 33.6, 039° Stbd, 228° M, , 
18/08/2026, 14:52:15 UTC, 38° 19.080' N, 026° 41.698' E, 00.1, 352° M, 32.2, 048° Stbd, 225° M, , 
18/08/2026, 14:52:45 UTC, 38° 19.080' N, 026° 41.698' E, 00.1, 358° M, 32.9, 030° Port, 236° M, , 
18/08/2026, 14:53:14 UTC, 38° 19.080' N, 026° 41.698' E, 00.0, 351° M, 34.4, 051° Stbd, 224° M, , 
18/08/2026, 14:53:47 UTC, 38° 19.080' N, 026° 41.698' E, 00.2, 352° M, 33.7, 029° Port, 215° M, , 
18/08/2026, 14:54:17 UTC, 38° 19.080' N, 026° 41.698' E, 00.2, 354° M, 33.4, 049° Stbd, 224° M, , 
18/08/2026, 14:54:47 UTC, 38° 19.080' N, 026° 41.698' E, 00.2, 351° M, 32.3, 017° Stbd, 230° M, , 
18/08/2026, 14:55:04 UTC, 38° 19.080' N, 026° 41.698' E, 00.3, 353° M, 33.3, 056° Stbd, 223° M, , 
18/08/2026, 14:55:34 UTC, 38° 19.080' N, 026° 41.698' E, 00.1, 359° M, 35.4, 009° Port, 226° M, , 
18/08/2026, 14:56:05 UTC, 38° 19.080' N, 026° 41.698' E, 00.1, 351° M, 34.1, 025° Port, 216° M, , 
18/08/2026, 14:56:35 UTC, 38° 19.080' N, 026° 41.698' E, - - - - -, - - - - -, 32.7, 055° Port, 222° M, , 
18/08/2026, 14:57:05 UTC, 38° 19.080' N, 026° 41.698' E, 00.3, 356° M, 34.6, 048° Port, 222° M, , 
18/08/2026, 14:57:35 UTC, 38° 19.080' N, 026° 41.698' E, 00.2, 358° M, 34.6, 036° Port, 220° M, , 
18/08/2026, 14:57:52 UTC, 38° 19.080' N, 026° 41.698' E, 00.2, 354° M, 35.7, 038° Port, 225° M, , 
18/08/2026, 14:58:21 UTC, 38° 19.080' N, 026° 41.698' E, 00.1, 350° M, 33.8, 064° Stbd, 227° M, , 
18/08/2026, 14:58:54 UTC, 38° 19.080' N, 026° 41.698' E, 00.1, 356° M, 34.5, 011° Stbd, 237° M, , 
18/08/2026, 14:59:22 UTC, 38° 19.080' N, 026° 41.698' E, 00.2, 356° M, 35.0, 049° Port, 228° M, , 
18/08/2026, 14:59:54 UTC, 38° 19.080' N, 026° 41.698' E, 00.2, 354° M, 36.9, 005° Port, 220° M, , 
18/08/2026, 15:00:23 UTC, 38° 19.080' N, 026° 41.698' E, 00.2, 350° M, 35.4, 018° Port, 225° M, , 
18/08/2026, 15:00:52 UTC, 38° 19.080' N, 026° 41.698' E, - - - - -, - - - - -, 34.1, 043° Stbd, 243° M, , 
18/08/2026, 15:01:21 UTC, 38° 19.080' N, 026° 41.698' E, 00.1, 358° M, 33.5, 036° Port, 230° M, , 
18/08/2026, 15:01:52 UTC, 38° 19.080' N, 026° 41.698' E, 00.2, 357° M, 34.8, 044° Stbd, 227° M, , 
18/08/2026, 15:02:25 UTC, 38° 19.080' N, 026° 41.698' E, 00.1, 352° M, 35.5, 044° Stbd, 223° M, , 
18/08/2026, 15:02:55 UTC, 38° 19.080' N, 026° 41.698' E, 00.0, 358° M, 36.0, 036° Port, 228° M, , 
18/08/2026, 15:03:25 UTC, 38° 19.080' N, 026° 41.698' E, 00.2, 358° M, 34.4, 039° Port, 227° M, , 
18/08/2026, 15:03:53 UTC, 38° 19.080' N, 026° 41.698' E, 00.1, 359° M, 34.0, 000° Stbd, 240° M, , 
18/08/2026, 15:04:24 UTC, 38° 19.080' N, 026° 41.698' E, 00.2, 353° M, 35.4, 058° Port, 227° M, , 
18/08/2026, 15:04:53 UTC, 38° 19.080' N, 026° 41.698' E, 00.3, 358° M, 36.3, 052° Stbd, 226° M, , 
18/08/2026, 15:05:23 UTC, 38° 19.080' N, 026° 41.698' E, 00.1, 358° M, 35.3, 063° Stbd, 225° M, , 
18/08/2026, 15:05:53 UTC, 38° 19.080' N, 026° 41.698' E, 00.3, 351° M, 36.6, 057° Port, 242° M, , 
18/08/2026, 15:06:10 UTC, 38° 19.080' N, 026° 41.698' E, 00.2, 350° M, 35.6, 067° Stbd, 228° M, , 
18/08/2026, 15:06:38 UTC, 38° 19.080' N, 026° 41.698' E, 00.3, 358° M, 35.5, 031° Port, 233° M, , 
18/08/2026, 15:07:08 UTC, 38° 19.080' N, 026° 41.698' E, 00.2, 355° M, 36.1, 039° Stbd, 229° M, , 
18/08/2026, 15:07:38 UTC, 38° 19.080' N, 026° 41.698' E, 00.0, 351° M, 34.2, 032° Port, 238° M, , 
18/08/2026, 15:08:08 UTC, 38° 19.080' N, 026° 41.698' E, 00.3, 359° M, 36.3, 045° Stbd, 233° M, , 
18/08/2026, 15:08:39 UTC, 38° 19.080' N, 026° 41.698' E, 00.0, 354° M, 35.2, 039° Stbd, 242° M, , 
18/08/2026, 15:09:04 UTC, 38° 19.080' N, 026° 41.698' E, 00.1, 359° M, 38.0, 024° Port, 229° M, , 
18/08/2026, 15:09:34 UTC, 38° 19.080' N, 026° 41.698' E, 00.2, 359° M, 36.6, 042° Port, 227° M, , 
18/08/2026, 15:10:04 UTC, 38° 19.080' N, 026° 41.698' E, 00.1, 359° M, 35.6, 043° Port, 236° M, , 
18/08/2026, 15:10:34 UTC, 38° 19.080' N, 026° 41.698' E, 00.2, 354° M, 36.4, 018° Port, 228° M, , 
18/08/2026, 15:11:04 UTC, 38° 19.080' N, 026° 41.698' E, 00.2, 354° M, 36.5, 043° Stbd, 236° M, , 
18/08/2026, 15:11:29 UTC, 38° 19.080' N, 026° 41.698' E, 00.1, 357° M, 38.4, 019° Port, 236° M, , 
18/08/2026, 15:12:02 UTC, 38° 19.080' N, 026° 41.698' E, 00.2, 353° M, 34.5, 044° Port, 246° M, , 
18/08/2026, 15:12:32 UTC, 38° 19.080' N, 026° 41.698' E, 00.1, 351° M, 39.2, 031° Stbd, 237° M, , 
18/08/2026, 15:13:02 UTC, 38° 19.080' N, 026° 41.698' E, 00.2, 354° M, 38.2, 038° Port, 229° M, , 
18/08/2026, 15:13:32 UTC, 38° 19.080' N, 026° 41.698' E, 00.2, 350° M, 36.7, 031° Stbd, 243° M, , 
18/08/2026, 15:14:01 UTC, 38° 19.080' N, 026° 41.698' E, 00.1, 357° M, 36.3, 058° Stbd, 237° M, , 
18/08/2026, 15:14:26 UTC, 38° 19.080' N, 026° 41.698' E, 00.3, 356° M, 37.3, 013° Stbd, 237° M, , 
18/08/2026, 15:14:58 UTC, 38° 19.080' N, 026° 41.698' E, 00.0, 352° M, 38.6, 052° Port, 237° M, , 
18/08/2026, 15:15:26 UTC, 38° 19.080' N, 026° 41.698' E, 00.3, 351° M, 37.1, 018° Stbd, 218° M, , 
18/08/2026, 15:15:54 UTC, 38° 19.080' N, 026° 41.698' E, 00.3, 356° M, 36.9, 011° Port, 245° M, , 
18/08/2026, 15:16:24 UTC, 38° 19.080' N, 026° 41.698' E, 00.1, 355° M, 38.9, 017° Port, 233° M, , 
18/08/2026, 15:16:55 UTC, 38° 19.080' N, 026° 41.698' E, 00.2, 352° M, 36.6, 068° Stbd, 232° M, , 
18/08/2026, 15:17:27 UTC, 38° 19.080' N, 026° 41.698' E, 00.2, 355° M, 36.9, 022° Port, 248° M, , 
18/08/2026, 15:17:57 UTC, 38° 19.080' N, 026° 41.698' E, 00.1, 351° M, 38.3, 060° Port, 241° M, , 
18/08/2026, 15:18:14 UTC, 38° 19.080' N, 026° 41.698' E, 00.1, 351° M, 39.2, 072° Stbd, 234° M, , 
18/08/2026, 15:18:44 UTC, 38° 19.080' N, 026° 41.698' E, 00.1, 357° M, 38.5, 030° Port, 225° M, , 
18/08/2026, 15:19:14 UTC, 38° 19.080' N, 026° 41.698' E, 00.1, 351° M, 38.7, 027° Port, 235° M, , 
18/08/2026, 15:19:42 UTC, 38° 19.080' N, 026° 41.698' E, 00.2, 351° M, 40.8, 051° Port, 235° M, , 
18/08/2026, 15:19:59 UTC, 38° 19.080' N, 026° 41.698' E, - - - - -, - - - - -, 37.6, 027° Port, 240° M, , 
18/08/2026, 15:20:27 UTC, 38° 19.080' N, 026° 41.698' E, 00.2, 351° M, 37.9, 042° Port, 245° M, , 
18/08/2026, 15:20:57 UTC, 38° 19.080' N, 026° 41.698' E, 00.1, 354° M, 39.0, 005° Stbd, 239° M, , 
18/08/2026, 15:21:29 UTC, 38° 19.080' N, 026° 41.698' E, 00.1, 358° M, 38.6, 023° Port, 242° M, , 
18/08/2026, 15:21:58 UTC, 38° 19.080' N, 026° 41.698' E, 00.2, 359° M, 38.4, 013° Port, 227° M, , 
18/08/2026, 15:22:30 UTC, 38° 19.080' N, 026° 41.698' E, 00.1, 350° M, 36.6, 068° Port, 243° M, , 
18/08/2026, 15:23:03 UTC, 38° 19.080' N, 026° 41.698' E, 00.1, 354° M, 38.0, 035° Port, 229° M, , 
18/08/2026, 15:23:33 UTC, 38° 19.080' N, 026° 41.698' E, 00.2, 359° M, 38.1, 063° Port, 238° M, , 
18/08/2026, 15:24:06 UTC, 38° 19.080' N, 026° 41.698' E, 00.1, 359° M, 38.7, 030° Stbd, 231° M, , 
18/08/2026, 15:24:23 UTC, 38° 19.080' N, 026° 41.698' E, 00.0, 355° M, 39.5, 024° Stbd, 242° M, , 
18/08/2026, 15:24:53 UTC, 38° 19.080' N, 026° 41.698' E, 00.1, 355° M, 37.6, 047° Stbd, 232° M, , 
18/08/2026, 15:25:24 UTC, 38° 19.080' N, 026° 41.698' E, 00.1, 357° M, 38.9, 025° Stbd, 244° M, , 
18/08/2026, 15:25:57 UTC, 38° 19.080' N, 026° 41.698' E, 00.1, 354° M, 38.4, 063° Port, 250° M, , 
18/08/2026, 15:26:27 UTC, 38° 19.080' N, 026° 41.698' E, 00.1, 351° M, 39.3, 048° Stbd, 238° M, , 
18/08/2026, 15:27:00 UTC, 38° 19.080' N, 026° 41.698' E, 00.3, 350° M, 41.1, 030° Port, 242° M, , 
18/08/2026, 15:27:17 UTC, 38° 19.080' N, 026° 41.698' E, 00.2, 351° M, 38.1, 039° Stbd, 245° M, , 
18/08/2026, 15:27:42 UTC, 38° 19.080' N, 026° 41.698' E, 00.0, 359° M, 39.9, 027° Stbd, 241° M, , 
18/08/2026, 15:28:14 UTC, 38° 19.080' N, 026° 41.698' E, 00.0, 353° M, 36.7, 032° Port, 229° M, , 
18/08/2026, 15:28:39 UTC, 38° 19.080' N, 026° 41.698' E, 00.2, 356° M, 36.8, 034° Stbd, 229° M, , 
18/08/2026, 15:29:10 UTC, 38° 19.080' N, 026° 41.698' E, 00.2, 354° M, 38.8, 023° Port, 245° M, , 
18/08/2026, 15:29:42 UTC, 38° 19.080' N, 026° 41.698' E, 00.2, 350° M, 38.1, 022° Port, 244° M, , 
18/08/2026, 15:30:15 UTC, 38° 19.080' N, 026° 41.698' E, 00.2, 353° M, 37.9, 011° Port, 232° M, , 
18/08/2026, 15:30:45 UTC, 38° 19.080' N, 026° 41.698' E, 00.2, 351° M, 37.5, 008° Port, 248° M, , 
18/08/2026, 15:31:15 UTC, 38° 19.080' N, 026° 41.698' E, 00.1, 354° M, 38.0, 057° Stbd, 238° M, , 
18/08/2026, 15:31:40 UTC, 38° 19.080' N, 026° 41.698' E, 00.3, 354° M, 38.8, 064° Stbd, 230° M, , 
18/08/2026, 15:32:13 UTC, 38° 19.080' N, 026° 41.698' E, 00.1, 353° M, 35.7, 040° Port, 245° M, , 
18/08/2026, 15:32:30 UTC, 38° 19.080' N, 026° 41.698' E, 00.2, 358° M, 38.1, 029° Port, 232° M, , 
18/08/2026, 15:33:02 UTC, 38° 19.080' N, 026° 41.698' E, 00.0, 350° M, 38.1, 001° Port, 242° M, , 
18/08/2026, 15:33:32 UTC, 38° 19.080' N, 026° 41.698' E, 00.3, 356° M, 37.7, 041° Stbd, 238° M, , 
18/08/2026, 15:34:02 UTC, 38° 19.080' N, 026° 41.698' E, 00.1, 354° M, 38.0, 056° Port, 248° M, , 
18/08/2026, 15:34:32 UTC, 38° 19.080' N, 026° 41.698' E, 00.1, 350° M, 38.5, 033° Port, 247° M, , 
18/08/2026, 15:35:01 UTC, 38° 19.080' N, 026° 41.698' E, 00.1, 350° M, 36.9, 023° Stbd, 244° M, , 
18/08/2026, 15:35:30 UTC, 38° 19.080' N, 026° 41.698' E, 00.0, 356° M, 36.6, 032° Stbd, 259° M, , 
18/08/2026, 15:35:55 UTC, 38° 19.080' N, 026° 41.698' E, 00.2, 350° M, 38.8, 055° Port, 246° M, , 
18/08/2026, 15:36:28 UTC, 38° 19.080' N, 026° 41.698' E, 00.1, 354° M, 37.0, 045° Stbd, 249° M, , 
18/08/2026, 15:36:59 UTC, 38° 19.080' N, 026° 41.698' E, 00.3, 354° M, 37.1, 057° Port, 255° M, , 
18/08/2026, 15:37:30 UTC, 38° 19.080' N, 026° 41.698' E, 00.1, 354° M, 39.2, 035° Stbd, 232° M, , 
18/08/2026, 15:37:59 UTC, 38° 19.080' N, 026° 41.698' E, 00.3, 352° M, 36.9, 039° Port, 240° M, , 
18/08/2026, 15:38:28 UTC, 38° 19.080' N, 026° 41.698' E, 00.2, 350° M, 34.2, 038° Port, 251° M, , 
18/08/2026, 15:38:45 UTC, 38° 19.080' N, 026° 41.698' E, 00.2, 356° M, 36.9, 047° Port, 240° M, , 
18/08/2026, 15:39:15 UTC, 38° 19.080' N, 026° 41.698' E, 00.1, 359° M, 35.3, 008° Port, 242° M, , 
18/08/2026, 15:39:47 UTC, 38° 19.080' N, 026° 41.698' E, 00.1, 359° M, 33.5, 013° Stbd, 245° M, , 
18/08/2026, 15:40:17 UTC, 38° 19.080' N, 026° 41.698' E, 00.1, 352° M, 36.1, 053° Port, 251° M, , 
18/08/2026, 15:40:42 UTC, 38° 19.080' N, 026° 41.698' E, 00.2, 354° M, 36.3, 041° Port, 237° M, , 
18/08/2026, 15:41:07 UTC, 38° 19.080' N, 026° 41.698' E, 00.0, 354° M, 35.8, 028° Stbd, 244° M, , 
18/08/2026, 15:41:36 UTC, 38° 19.080' N, 026° 41.698' E, 00.2, 353° M, 35.7, 061° Stbd, 237° M, , 
18/08/2026, 15:42:06 UTC, 38° 19.080' N, 026° 41.698' E, 00.2, 353° M, 35.0, 051° Port, 237° M, , 
18/08/2026, 15:42:36 UTC, 38° 19.080' N, 026° 41.698' E, 00.1, 357° M, 34.9, 070° Port, 242° M, , 
18/08/2026, 15:42:53 UTC, 38° 19.080' N, 026° 41.698' E, 00.2, 350° M, 35.4, 043° Port, 242° M, , 
18/08/2026, 15:43:22 UTC, 38° 19.080' N, 026° 41.698' E, 00.0, 357° M, 35.3, 056° Stbd, 243° M, , 
18/08/2026, 15:43:54 UTC, 38° 19.080' N, 026° 41.698' E, 00.1, 353° M, 36.5, 023° Stbd, 251° M, , 
18/08/2026, 15:44:24 UTC, 38° 19.080' N, 026° 41.698' E, 00.1, 354° M, 36.5, 081° Stbd, 250° M, , 
18/08/2026, 15:44:54 UTC, 38° 19.080' N, 026° 41.698' E, 00.3, 353° M, 36.4, 035° Stbd, 252° M, , 
18/08/2026, 15:45:22 UTC, 38° 19.080' N, 026° 41.698' E, 00.0, 351° M, 36.3, 050° Port, 241° M, , 
18/08/2026, 15:45:52 UTC, 38° 19.080' N, 026° 41.698' E, 00.1, 354° M, 37.1, 047° Port, 243° M, , 
18/08/2026, 15:46:22 UTC, 38° 19.080' N, 026° 41.698' E, 00.0, 352° M, 33.4, 014° Port, 243° M, , 
18/08/2026, 15:46:52 UTC, 38° 19.080' N, 026° 41.698' E, 00.2, 350° M, 36.3, 028° Port, 243° M, , 
18/08/2026, 15:47:22 UTC, 38° 19.080' N, 026° 41.698' E, 00.2, 356° M, 36.1, 005° Port, 242° M, , 
18/08/2026, 15:47:53 UTC, 38° 19.080' N, 026° 41.698' E, 00.2, 353° M, 33.2, 051° Port, 233° M, , 
18/08/2026, 15:48:25 UTC, 38° 19.080' N, 026° 41.698' E, 00.2, 356° M, 35.0, 022° Stbd, 249° M, , 
18/08/2026, 15:48:55 UTC, 38° 19.080' N, 026° 41.698' E, 00.0, 354° M, 31.7, 018° Port, 230° M, , 
18/08/2026, 15:49:26 UTC, 38° 19.080' N, 026° 41.698' E, 00.3, 359° M, 35.1, 036° Stbd, 235° M, , 
18/08/2026, 15:49:59 UTC, 38° 19.080' N, 026° 41.698' E, 00.3, 351° M, 35.8, 044° Stbd, 227° M, , 
18/08/2026, 15:50:30 UTC, 38° 19.080' N, 026° 41.698' E, 00.0, 350° M, 34.7, 008° Port, 240° M, , 
18/08/2026, 15:50:55 UTC, 38° 19.080' N, 026° 41.698' E, 00.0, 352° M, 34.5, 044° Port, 245° M, , 
18/08/2026, 15:51:27 UTC, 38° 19.080' N, 026° 41.698' E, 00.1, 351° M, 33.5, 036° Port, 253° M, , 
18/08/2026, 15:51:57 UTC, 38° 19.080' N, 026° 41.698' E, 00.3, 356° M, 32.8, 045° Port, 253° M, , 
18/08/2026, 15:52:27 UTC, 38° 19.080' N, 026° 41.698' E, 00.1, 358° M, 32.7, 037° Port, 249° M, , 
18/08/2026, 15:52:55 UTC, 38° 19.080' N, 026° 41.698' E, 00.2, 353° M, 33.2, 025° Port, 254° M, , 
18/08/2026, 15:53:12 UTC, 38° 19.080' N, 026° 41.698' E, 00.2, 356° M, 34.4, 055° Port, 239° M, , 
18/08/2026, 15:53:42 UTC, 38° 19.080' N, 026° 41.698' E, 00.1, 355° M, 32.8, 040° Stbd, 250° M, , 
18/08/2026, 15:54:12 UTC, 38° 19.080' N, 026° 41.698' E, 00.1, 356° M, 33.3, 020° Port, 245° M, , 
18/08/2026, 15:54:42 UTC, 38° 19.080' N, 026° 41.698' E, 00.2, 357° M, 34.3, 042° Stbd, 244° M, , 
18/08/2026, 15:55:10 UTC, 38° 19.080' N, 026° 41.698' E, 00.3, 351° M, 31.6, 020° Stbd, 245° M, , 
18/08/2026, 15:55:38 UTC, 38° 19.080' N, 026° 41.698' E, 00.2, 359° M, 34.1, 055° Port, 245° M, , 
18/08/2026, 15:56:08 UTC, 38° 19.080' N, 026° 41.698' E, 00.1, 357° M, 32.0, 076° Stbd, 256° M, , 
18/08/2026, 15:56:25 UTC, 38° 19.080' N, 026° 41.698' E, 00.1, 351° M, 34.9, 024° Port, 251° M, , 
18/08/2026, 15:56:57 UTC, 38° 19.080' N, 026° 41.698' E, 00.3, 351° M, 31.2, 083° Stbd, 257° M, , 
18/08/2026, 15:57:14 UTC, 38° 19.080' N, 026° 41.698' E, 00.0, 353° M, 31.0, 034° Port, 243° M, , 
18/08/2026, 15:57:31 UTC, 38° 19.080' N, 026° 41.698' E, 00.3, 351° M, 33.4, 032° Port, 254° M, , 
18/08/2026, 15:57:48 UTC, 38° 19.080' N, 026° 41.698' E, 00.2, 351° M, 34.6, 042° Port, 258° M, , 
18/08/2026, 15:58:18 UTC, 38° 19.080' N, 026° 41.698' E, 00.3, 351° M, 33.6, 038° Port, 255° M, , 
18/08/2026, 15:58:43 UTC, 38° 19.080' N, 026° 41.698' E, 00.2, 351° M, 33.2, 059° Port, 252° M, , 
18/08/2026, 15:59:12 UTC, 38° 19.080' N, 026° 41.698' E, 00.0, 356° M, 34.6, 031° Stbd, 245° M, , 
18/08/2026, 15:59:45 UTC, 38° 19.080' N, 026° 41.698' E, 00.0, 350° M, 32.6, 032° Port, 251° M, , 
18/08/2026, 16:00:15 UTC, 38° 19.080' N, 026° 41.698' E, 00.1, 358° M, 33.4, 018° Port, 249° M, , 
18/08/2026, 16:00:48 UTC, 38° 19.080' N, 026° 41.698' E, 00.2, 358° M, 31.9, 036° Port, 244° M, , 
18/08/2026, 16:01:16 UTC, 38° 19.080' N, 026° 41.698' E, 00.1, 354° M, 33.8, 036° Stbd, 254° M, , 
18/08/2026, 16:01:47 UTC, 38° 19.080' N, 026° 41.698' E, 00.3, 353° M, 32.2, 042° Stbd, 258° M, , 
18/08/2026, 16:02:12 UTC, 38° 19.080' N, 026° 41.698' E, 00.1, 359° M, 33.4, 032° Port, 245° M, , 
18/08/2026, 16:02:42 UTC, 38° 19.080' N, 026° 41.698' E, 00.0, 357° M, 33.0, 024° Port, 246° M, , 
18/08/2026, 16:03:14 UTC, 38° 19.080' N, 026° 41.698' E, 00.1, 356° M, 33.3, 003° Stbd, 264° M, , 
18/08/2026, 16:03:44 UTC, 38° 19.080' N, 026° 41.698' E, 00.1, 358° M, 34.7, 026° Stbd, 261° M, , 
18/08/2026, 16:04:01 UTC, 38° 19.080' N, 026° 41.698' E, 00.2, 355° M, 31.8, 064° Stbd, 256° M, , 
18/08/2026, 16:04:31 UTC, 38° 19.080' N, 026° 41.698' E, 00.1, 355° M, 31.5, 052° Stbd, 242° M, , 
18/08/2026, 16:05:01 UTC, 38° 19.080' N, 026° 41.698' E, 00.3, 359° M, 33.2, 048° Stbd, 259° M, , 
18/08/2026, 16:05:31 UTC, 38° 19.080' N, 026° 41.698' E, - - - - -, - - - - -, 33.7, 031° Port, 254° M, , 
18/08/2026, 16:05:56 UTC, 38° 19.080' N, 026° 41.698' E, 00.1, 351° M, 32.1, 037° Stbd, 248° M, , 
18/08/2026, 16:06:26 UTC, 38° 19.080' N, 026° 41.698' E, 00.1, 350° M, 34.9, 023° Port, 238° M, , 
18/08/2026, 16:06:54 UTC, 38° 19.080' N, 026° 41.698' E, 00.1, 358° M, 32.3, 054° Stbd, 252° M, , 
18/08/2026, 16:07:23 UTC, 38° 19.080' N, 026° 41.698' E, 00.1, 350° M, 32.8, 034° Port, 247° M, , 
18/08/2026, 16:07:54 UTC, 38° 19.080' N, 026° 41.698' E, 00.2, 350° M, 32.5, 024° Port, 256° M, , 
18/08/2026, 16:08:24 UTC, 38° 19.080' N, 026° 41.698' E, 00.2, 354° M, 34.6, 049° Stbd, 250° M, , 
18/08/2026, 16:08:49 UTC, 38° 19.080' N, 026° 41.698' E, 00.1, 353° M, 33.1, 018° Stbd, 251° M, , 
18/08/2026, 16:09:14 UTC, 38° 19.080' N, 026° 41.698' E, 00.1, 355° M, 34.2, 068° Stbd, 257° M, , 
18/08/2026, 16:09:44 UTC, 38° 19.080' N, 026° 41.698' E, - - - - -, - - - - -, 33.1, 030° Stbd, 260° M, , 
18/08/2026, 16:10:14 UTC, 38° 19.080' N, 026° 41.698' E, 00.3, 358° M, 33.2, 060° Stbd, 253° M, , 
18/08/2026, 16:10:42 UTC, 38° 19.080' N, 026° 41.698' E, 00.1, 354° M, 34.6, 001° Port, 270° M, , 
18/08/2026, 16:11:12 UTC, 38° 19.080' N, 026° 41.698' E, 00.2, 356° M, 33.3, 034° Port, 249° M, , 
18/08/2026, 16:11:37 UTC, 38° 19.080' N, 026° 41.698' E, 00.1, 354° M, 32.1, 052° Stbd, 260° M, , 
18/08/2026, 16:12:07 UTC, 38° 19.080' N, 026° 41.698' E, 00.1, 358° M, 34.3, 027° Port, 259° M, , 
18/08/2026, 16:12:40 UTC, 38° 19.080' N, 026° 41.698' E, 00.0, 358° M, 33.9, 018° Stbd, 258° M, , 
18/08/2026, 16:13:05 UTC, 38° 19.080' N, 026° 41.698' E, 00.0, 354° M, 34.1, 005° Stbd, 244° M, , 
18/08/2026, 16:13:35 UTC, 38° 19.080' N, 026° 41.698' E, 00.1, 356° M, 31.7, 038° Stbd, 247° M, , 
18/08/2026, 16:14:05 UTC, 38° 19.080' N, 026° 41.698' E, 00.1, 358° M, 34.8, 058° Stbd, 258° M, , 
18/08/2026, 16:14:36 UTC, 38° 19.080' N, 026° 41.698' E, 00.2, 355° M, 32.7, 029° Port, 258° M, , 
18/08/2026, 16:15:06 UTC, 38° 19.080' N, 026° 41.698' E, 00.2, 357° M, 32.4, 019° Port, 263° M, , 
18/08/2026, 16:15:34 UTC, 38° 19.080' N, 026° 41.698' E, 00.2, 353° M, 34.5, 021° Stbd, 255° M, , 
18/08/2026, 16:16:02 UTC, 38° 19.080' N, 026° 41.698' E, 00.1, 359° M, 33.4, 067° Port, 260° M, , 
18/08/2026, 16:16:33 UTC, 38° 19.080' N, 026° 41.698' E, 00.1, 352° M, 33.0, 008° Port, 252° M, , 
18/08/2026, 16:16:58 UTC, 38° 19.080' N, 026° 41.698' E, 00.0, 357° M, 33.6, 050° Port, 270° M, , 
18/08/2026, 16:17:15 UTC, 38° 19.080' N, 026° 41.698' E, 00.1, 350° M, 35.0, 033° Port, 240° M, , 
18/08/2026, 16:17:48 UTC, 38° 19.080' N, 026° 41.698' E, 00.2, 351° M, 33.4, 023° Port, 257° M, , 
18/08/2026, 16:18:21 UTC, 38° 19.080' N, 026° 41.698' E, 00.1, 359° M, 32.3, 025° Port, 269° M, , 
18/08/2026, 16:18:54 UTC, 38° 19.080' N, 026° 41.698' E, 00.2, 351° M, 33.0, 009° Stbd, 262° M, , 
18/08/2026, 16:19:24 UTC, 38° 19.080' N, 026° 41.698' E, 00.2, 350° M, 32.9, 034° Stbd, 242° M, , 
18/08/2026, 16:19:49 UTC, 38° 19.080' N, 026° 41.698' E, 00.2, 354° M, 33.6, 047° Port, 271° M, , 
18/08/2026, 16:20:14 UTC, 38° 19.080' N, 026° 41.698' E, 00.2, 356° M, 32.9, 024° Port, 256° M, , 
18/08/2026, 16:20:43 UTC, 38° 19.080' N, 026° 41.698' E, 00.3, 354° M, 31.6, 072° Port, 262° M, , 
18/08/2026, 16:21:13 UTC, 38° 19.080' N, 026° 41.698' E, 00.1, 354° M, 33.4, 039° Port, 250° M, , 
18/08/2026, 16:21:42 UTC, 38° 19.080' N, 026° 41.698' E, 00.3, 355° M, 31.5, 062° Port, 249° M, , 
18/08/2026, 16:22:13 UTC, 38° 19.080' N, 026° 41.698' E, 00.2, 354° M, 35.2, 040° Port, 257° M, , 
18/08/2026, 16:22:30 UTC, 38° 19.080' N, 026° 41.698' E, 00.1, 354° M, 35.3, 066° Port, 256° M, , 
18/08/2026, 16:23:00 UTC, 38° 19.080' N, 026° 41.698' E, 00.2, 353° M, 32.9, 054° Port, 252° M, , 
18/08/2026, 16:23:31 UTC, 38° 19.080' N, 026° 41.698' E, 00.2, 356° M, 33.7, 022° Stbd, 268° M, , 
18/08/2026, 16:23:48 UTC, 38° 19.080' N, 026° 41.698' E, 00.2, 350° M, 33.0, 025° Stbd, 247° M, , 
18/08/2026, 16:24:13 UTC, 38° 19.080' N, 026° 41.698' E, 00.1, 350° M, 33.8, 031° Port, 250° M, , 
18/08/2026, 16:24:43 UTC, 38° 19.080' N, 026° 41.698' E, 00.1, 351° M, 35.4, 021° Port, 252° M, , 
18/08/2026, 16:25:11 UTC, 38° 19.080' N, 026° 41.698' E, 00.1, 352° M, 36.2, 007° Port, 262° M, , 
18/08/2026, 16:25:41 UTC, 38° 19.080' N, 026° 41.698' E, 00.2, 350° M, 35.2, 029° Stbd, 259° M, , 
18/08/2026, 16:26:12 UTC, 38° 19.080' N, 026° 41.698' E, 00.1, 355° M, 34.1, 033° Stbd, 267° M, , 
18/08/2026, 16:26:45 UTC, 38° 19.080' N, 026° 41.698' E, 00.2, 353° M, 34.4, 012° Port, 271° M, , 
18/08/2026, 16:27:15 UTC, 38° 19.080' N, 026° 41.698' E, 00.3, 357° M, 34.2, 030° Stbd, 264° M, , 
18/08/2026, 16:27:45 UTC, 38° 19.080' N, 026° 41.698' E, 00.1, 353° M, 33.3, 004° Stbd, 248° M, , 
18/08/2026, 16:28:15 UTC, 38° 19.080' N, 026° 41.698' E, 00.0, 359° M, 35.4, 042° Port, 262° M, , 
18/08/2026, 16:28:48 UTC, 38° 19.080' N, 026° 41.698' E, 00.3, 350° M, 33.9, 025° Stbd, 252° M, , 
18/08/2026, 16:29:18 UTC, 38° 19.080' N, 026° 41.698' E, 00.2, 356° M, 34.9, 032° Port, 268° M, , 
18/08/2026, 16:29:48 UTC, 38° 19.080' N, 026° 41.698' E, 00.1, 352° M, 34.7, 042° Port, 264° M, , 
18/08/2026, 16:30:18 UTC, 38° 19.080' N, 026° 41.698' E, 00.1, 358° M, 37.2, 034° Stbd, 254° M, , 
18/08/2026, 16:30:43 UTC, 38° 19.080' N, 026° 41.698' E, 00.2, 350° M, 36.2, 026° Stbd, 262° M, , 
18/08/2026, 16:31:15 UTC, 38° 19.080' N, 026° 41.698' E, 00.3, 350° M, 34.8, 030° Stbd, 264° M, , 
18/08/2026, 16:31:40 UTC, 38° 19.080' N, 026° 41.698' E, 00.1, 350° M, 34.1, 005° Port, 263° M, , 
18/08/2026, 16:31:57 UTC, 38° 19.080' N, 026° 41.698' E, 00.3, 359° M, 34.8, 022° Stbd, 263° M, , 
18/08/2026, 16:32:14 UTC, 38° 19.080' N, 026° 41.698' E, 00.1, 357° M, 35.2, 040° Stbd, 256° M, , 
18/08/2026, 16:32:42 UTC, 38° 19.080' N, 026° 41.698' E, 00.1, 358° M, 35.5, 043° Port, 266° M, , 
18/08/2026, 16:33:12 UTC, 38° 19.080' N, 026° 41.698' E, 00.3, 352° M, 33.4, 006° Stbd, 264° M, , 
18/08/2026, 16:33:43 UTC, 38° 19.080' N, 026° 41.698' E, 00.1, 353° M, 35.3, 046° Port, 267° M, , 
18/08/2026, 16:34:13 UTC, 38° 19.080' N, 026° 41.698' E, 00.2, 357° M, 35.8, 046° Stbd, 264° M, , 
18/08/2026, 16:34:43 UTC, 38° 19.080' N, 026° 41.698' E, 00.1, 355° M, 35.4, 018° Stbd, 250° M, , 
18/08/2026, 16:35:00 UTC, 38° 19.080' N, 026° 41.698' E, 00.3, 354° M, 35.0, 038° Port, 257° M, , 
18/08/2026, 16:35:29 UTC, 38° 19.080' N, 026° 41.698' E, 00.1, 352° M, 33.4, 017° Stbd, 256° M, , 
18/08/2026, 16:35:59 UTC, 38° 19.080' N, 026° 41.698' E, 00.2, 353° M, 34.3, 045° Port, 264° M, , 
18/08/2026, 16:36:29 UTC, 38° 19.080' N, 026° 41.698' E, 00.3, 355° M, 34.9, 022° Port, 263° M, , 
18/08/2026, 16:37:02 UTC, 38° 19.080' N, 026° 41.698' E, 00.1, 357° M, 34.0, 033° Stbd, 273° M, , 
18/08/2026, 16:37:32 UTC, 38° 19.080' N, 026° 41.698' E, 00.0, 350° M, 34.2, 042° Port, 273° M, , 
18/08/2026, 16:38:02 UTC, 38° 19.080' N, 026° 41.698' E, 00.0, 353° M, 33.9, 003° Stbd, 256° M, , 
18/08/2026, 16:38:34 UTC, 38° 19.080' N, 026° 41.698' E, 00.1, 357° M, 36.3, 047° Port, 254° M, , 
18/08/2026, 16:39:02 UTC, 38° 19.080' N, 026° 41.698' E, 00.2, 355° M, 34.7, 026° Port, 268° M, , 
18/08/2026, 16:39:32 UTC, 38° 19.080' N, 026° 41.698' E, 00.1, 353° M, 33.0, 012° Stbd, 270° M, , 
18/08/2026, 16:40:01 UTC, 38° 19.080' N, 026° 41.698' E, 00.2, 355° M, 35.2, 062° Port, 262° M, , 
18/08/2026, 16:40:32 UTC, 38° 19.080' N, 026° 41.698' E, 00.0, 355° M, 35.5, 040° Stbd, 267° M, , 
18/08/2026, 16:41:02 UTC, 38° 19.080' N, 026° 41.698' E, 00.3, 354° M, 35.1, 034° Port, 260° M, , 
18/08/2026, 16:41:32 UTC, 38° 19.080' N, 026° 41.698' E, 00.2, 357° M, 32.8, 033° Port, 270° M, , 
18/08/2026, 16:42:02 UTC, 38° 19.080' N, 026° 41.698' E, - - - - -, - - - - -, 33.8, 030° Stbd, 265° M, , 
18/08/2026, 16:42:32 UTC, 38° 19.080' N, 026° 41.698' E, 00.1, 358° M, 36.1, 030° Port, 272° M, , 
18/08/2026, 16:43:02 UTC, 38° 19.080' N, 026° 41.698' E, - - - - -, - - - - -, 35.1, 006° Port, 264° M, , 
18/08/2026, 16:43:19 UTC, 38° 19.080' N, 026° 41.698' E, 00.2, 359° M, 34.3, 043° Stbd, 263° M, , 
18/08/2026, 16:43:51 UTC, 38° 19.080' N, 026° 41.698' E, 00.1, 357° M, 33.1, 042° Port, 267° M, , 
18/08/2026, 16:44:22 UTC, 38° 19.080' N, 026° 41.698' E, 00.1, 357° M, 35.1, 028° Port, 270° M, , 
18/08/2026, 16:44:39 UTC, 38° 19.080' N, 026° 41.698' E, 00.0, 351° M, 33.1, 055° Port, 271° M, , 
18/08/2026, 16:45:09 UTC, 38° 19.080' N, 026° 41.698' E, 00.2, 357° M, 34.4, 042° Stbd, 277° M, , 
18/08/2026, 16:45:40 UTC, 38° 19.080' N, 026° 41.698' E, 00.1, 357° M, 34.4, 032° Stbd, 266° M, , 
18/08/2026, 16:46:13 UTC, 38° 19.080' N, 026° 41.698' E, 00.0, 357° M, 36.2, 019° Port, 272° M, , 
18/08/2026, 16:46:43 UTC, 38° 19.080' N, 026° 41.698' E, 00.2, 358° M, 33.1, 045° Port, 267° M, , 
18/08/2026, 16:47:13 UTC, 38° 19.080' N, 026° 41.698' E, 00.2, 353° M, 32.9, 034° Stbd, 258° M, , 
18/08/2026, 16:47:45 UTC, 38° 19.080' N, 026° 41.698' E, 00.1, 358° M, 33.4, 029° Stbd, 264° M, , 
18/08/2026, 16:48:15 UTC, 38° 19.080' N, 026° 41.698' E, 00.2, 350° M, 32.7, 059° Port, 262° M, , 
18/08/2026, 16:48:40 UTC, 38° 19.080' N, 026° 41.698' E, 00.3, 354° M, 33.1, 010° Stbd, 263° M, , 
18/08/2026, 16:48:57 UTC, 38° 19.080' N, 026° 41.698' E, 00.1, 352° M, 32.8, 031° Stbd, 258° M, , 
18/08/2026, 16:49:27 UTC, 38° 19.080' N, 026° 41.698' E, 00.0, 359° M, 33.0, 028° Port, 264° M, , 
18/08/2026, 16:49:44 UTC, 38° 19.080' N, 026° 41.698' E, 00.0, 354° M, 31.8, 038° Stbd, 251° M, , 
18/08/2026, 16:50:14 UTC, 38° 19.080' N, 026° 41.698' E, 00.3, 354° M, 33.4, 051° Port, 269° M, , 
18/08/2026, 16:50:45 UTC, 38° 19.080' N, 026° 41.698' E, 00.0, 351° M, 31.5, 032° Port, 274° M, , 
18/08/2026, 16:51:16 UTC, 38° 19.080' N, 026° 41.698' E, 00.1, 351° M, 32.7, 029° Port, 259° M, , 
18/08/2026, 16:51:46 UTC, 38° 19.080' N, 026° 41.698' E, 00.1, 354° M, 31.5, 012° Stbd, 277° M, , 
18/08/2026, 16:52:11 UTC, 38° 19.080' N, 026° 41.698' E, 00.1, 354° M, 31.7, 037° Port, 271° M, , 
18/08/2026, 16:52:41 UTC, 38° 19.080' N, 026° 41.698' E, 00.3, 356° M, 32.6, 030° Port, 276° M, , 
18/08/2026, 16:53:13 UTC, 38° 19.080' N, 026° 41.698' E, 00.1, 359° M, 30.9, 019° Stbd, 257° M, , 
18/08/2026, 16:53:43 UTC, 38° 19.080' N, 026° 41.698' E, 00.0, 358° M, 32.8, 028° Port, 245° M, , 
18/08/2026, 16:54:08 UTC, 38° 19.080' N, 026° 41.698' E, 00.1, 356° M, 29.6, 015° Stbd, 280° M, , 
18/08/2026, 16:54:39 UTC, 38° 19.080' N, 026° 41.698' E, 00.1, 355° M, 29.4, 013° Port, 273° M, , 
18/08/2026, 16:55:08 UTC, 38° 19.080' N, 026° 41.698' E, 00.2, 356° M, 30.4, 053° Stbd, 262° M, , 
18/08/2026, 16:55:40 UTC, 38° 19.080' N, 026° 41.698' E, 00.1, 355° M, 31.3, 042° Port, 268° M, , 
18/08/2026, 16:56:09 UTC, 38° 19.080' N, 026° 41.698' E, 00.2, 356° M, 30.3, 042° Stbd, 260° M, , 
18/08/2026, 16:56:39 UTC, 38° 19.080' N, 026° 41.698' E, 00.2, 357° M, 31.6, 011° Port, 265° M, , 
18/08/2026, 16:57:12 UTC, 38° 19.080' N, 026° 41.698' E, 00.1, 351° M, 30.6, 054° Port, 268° M, , 
18/08/2026, 16:57:29 UTC, 38° 19.080' N, 026° 41.698' E, 00.2, 353° M, 32.8, 073° Stbd, 260° M, , 
18/08/2026, 16:58:01 UTC, 38° 19.080' N, 026° 41.698' E, 00.1, 357° M, 28.3, 035° Port, 273° M, , 
18/08/2026, 16:58:31 UTC, 38° 19.080' N, 026° 41.698' E, 00.1, 354° M, 31.3, 016° Port, 276° M, , 
18/08/2026, 16:59:00 UTC, 38° 19.080' N, 026° 41.698' E, - - - - -, - - - - -, 28.9, 052° Port, 273° M, , 
18/08/2026, 16:59:33 UTC, 38° 19.080' N, 026° 41.698' E, 00.0, 352° M, 31.1, 051° Stbd, 266° M, , 
18/08/2026, 17:00:06 UTC, 38° 19.080' N, 026° 41.698' E, 00.0, 356° M, 27.2, 020° Port, 269° M, , 
18/08/2026, 17:00:38 UTC, 38° 19.080' N, 026° 41.698' E, 00.1, 359° M, 31.0, 013° Stbd, 284° M, , 
18/08/2026, 17:01:08 UTC, 38° 19.080' N, 026° 41.698' E, 00.2, 359° M, 28.0, 004° Port, 276° M, , 
18/08/2026, 17:01:38 UTC, 38° 19.080' N, 026° 41.698' E, 00.0, 352° M, 28.9, 045° Stbd, 271° M, , 
18/08/2026, 17:02:10 UTC, 38° 19.080' N, 026° 41.698' E, 00.1, 351° M, 27.6, 041° Stbd, 267° M, , 
18/08/2026, 17:02:39 UTC, 38° 19.080' N, 026° 41.698' E, 00.0, 356° M, 28.0, 029° Stbd, 270° M, , 
18/08/2026, 17:03:04 UTC, 38° 19.080' N, 026° 41.698' E, 00.2, 350° M, 27.2, 036° Port, 276° M, , 
18/08/2026, 17:03:32 UTC, 38° 19.080' N, 026° 41.698' E, 00.1, 355° M, 28.9, 034° Stbd, 268° M, , 
18/08/2026, 17:04:00 UTC, 38° 19.080' N, 026° 41.698' E, 00.2, 350° M, 28.9, 041° Stbd, 256° M, , 
18/08/2026, 17:04:32 UTC, 38° 19.080' N, 026° 41.698' E, 00.1, 358° M, 28.6, 054° Port, 276° M, , 
18/08/2026, 17:05:02 UTC, 38° 19.080' N, 026° 41.698' E, 00.1, 351° M, 28.1, 042° Stbd, 278° M, , 
18/08/2026, 17:05:19 UTC, 38° 19.080' N, 026° 41.698' E, 00.0, 358° M, 28.4, 046° Port, 269° M, , 
18/08/2026, 17:05:44 UTC, 38° 19.080' N, 026° 41.698' E, 00.2, 356° M, 28.7, 052° Stbd, 261° M, , 
18/08/2026, 17:06:01 UTC, 38° 19.080' N, 026° 41.698' E, 00.0, 358° M, 28.7, 054° Stbd, 268° M, , 
18/08/2026, 17:06:34 UTC, 38° 19.080' N, 026° 41.698' E, 00.2, 359° M, 26.7, 015° Port, 281° M, , 
18/08/2026, 17:07:04 UTC, 38° 19.080' N, 026° 41.698' E, - - - - -, - - - - -, 28.9, 031° Port, 268° M, , 
18/08/2026, 17:07:34 UTC, 38° 19.080' N, 026° 41.698' E, 00.2, 355° M, 25.2, 040° Stbd, 277° M, , 
18/08/2026, 17:08:02 UTC, 38° 19.080' N, 026° 41.698' E, 00.2, 351° M, 28.0, 043° Stbd, 275° M, , 
18/08/2026, 17:08:32 UTC, 38° 19.080' N, 026° 41.698' E, 00.1, 352° M, 26.4, 029° Port, 291° M, , 
18/08/2026, 17:09:01 UTC, 38° 19.080' N, 026° 41.698' E, 00.1, 354° M, 28.8, 045° Stbd, 275° M, , 
18/08/2026, 17:09:26 UTC, 38° 19.080' N, 026° 41.698' E, 00.1, 355° M, 27.9, 021° Port, 287° M, , 
18/08/2026, 17:09:55 UTC, 38° 19.080' N, 026° 41.698' E, 00.3, 352° M, 28.4, 044° Stbd, 277° M, , 
18/08/2026, 17:10:26 UTC, 38° 19.080' N, 026° 41.698' E, 00.2, 354° M, 28.2, 052° Stbd, 277° M, , 
18/08/2026, 17:10:57 UTC, 38° 19.080' N, 026° 41.698' E, 00.2, 351° M, 27.4, 039° Stbd, 260° M, , 
18/08/2026, 17:11:27 UTC, 38° 19.080' N, 026° 41.698' E, 00.3, 359° M, 27.8, 041° Port, 270° M, , 
18/08/2026, 17:11:59 UTC, 38° 19.080' N, 026° 41.698' E, 00.0, 352° M, 29.1, 055° Port, 277° M, , 
18/08/2026, 17:12:31 UTC, 38° 19.080' N, 026° 41.698' E, 00.2, 350° M, 25.7, 057° Port, 289° M, , 
18/08/2026, 17:12:59 UTC, 38° 19.080' N, 026° 41.698' E, 00.2, 351° M, 27.2, 006° Port, 277° M, , 
18/08/2026, 17:13:24 UTC, 38° 19.080' N, 026° 41.698' E, 00.2, 351° M, 25.7, 075° Port, 275° M, , 
18/08/2026, 17:13:54 UTC, 38° 19.080' N, 026° 41.698' E, 00.1, 358° M, 27.1, 039° Port, 285° M, , 
18/08/2026, 17:14:27 UTC, 38° 19.080' N, 026° 41.698' E, 00.3, 354° M, 25.8, 006° Port, 276° M, , 
18/08/2026, 17:14:59 UTC, 38° 19.080' N, 026° 41.698' E, 00.0, 352° M, 27.3, 031° Port, 259° M, , 
18/08/2026, 17:15:30 UTC, 38° 19.080' N, 026° 41.698' E, 00.1, 356° M, 26.2, 035° Stbd, 280° M, , 
18/08/2026, 17:15:58 UTC, 38° 19.080' N, 026° 41.698' E, - - - - -, - - - - -, 25.2, 059° Port, 283° M, , 
18/08/2026, 17:16:28 UTC, 38° 19.080' N, 026° 41.698' E, 00.2, 355° M, 24.8, 012° Port, 282° M, , 
18/08/2026, 17:16:45 UTC, 38° 19.080' N, 026° 41.698' E, 00.2, 350° M, 26.8, 029° Port, 285° M, , 
18/08/2026, 17:17:16 UTC, 38° 19.080' N, 026° 41.698' E, 00.0, 352° M, 26.9, 007° Stbd, 276° M, , 
18/08/2026, 17:17:46 UTC, 38° 19.080' N, 026° 41.698' E, 00.2, 355° M, 22.1, 018° Stbd, 271° M, , 
18/08/2026, 17:18:14 UTC, 38° 19.080' N, 026° 41.698' E, 00.0, 353° M, 25.0, 044° Stbd, 275° M, , 
18/08/2026, 17:18:44 UTC, 38° 19.080' N, 026° 41.698' E, - - - - -, - - - - -, 24.9, 015° Port, 281° M, , 
18/08/2026, 17:19:14 UTC, 38° 19.080' N, 026° 41.698' E, 00.2, 358° M, 27.6, 070° Port, 282° M, , 
18/08/2026, 17:19:44 UTC, 38° 19.080' N, 026° 41.698' E, 00.1, 353° M, 24.7, 041° Port, 276° M, , 
18/08/2026, 17:20:14 UTC, 38° 19.080' N, 026° 41.698' E, 00.2, 355° M, 25.2, 030° Stbd, 283° M, , 
18/08/2026, 17:20:42 UTC, 38° 19.080' N, 026° 41.698' E, 00.3, 353° M, 25.3, 044° Port, 271° M, , 
18/08/2026, 17:21:12 UTC, 38° 19.080' N, 026° 41.698' E, 00.1, 352° M, 26.5, 024° Stbd, 275° M, , 
18/08/2026, 17:21:45 UTC, 38° 19.080' N, 026° 41.698' E, 00.1, 351° M, 26.4, 021° Port, 282° M, , 
18/08/2026, 17:22:10 UTC, 38° 19.080' N, 026° 41.698' E, 00.2, 353° M, 25.7, 065° Stbd, 273° M, , 
18/08/2026, 17:22:41 UTC, 38° 19.080' N, 026° 41.698' E, 00.3, 351° M, 27.1, 016° Port, 277° M, , 
18/08/2026, 17:22:58 UTC, 38° 19.080' N, 026° 41.698' E, 00.3, 351° M, 24.3, 033° Stbd, 290° M, , 
18/08/2026, 17:23:15 UTC, 38° 19.080' N, 026° 41.698' E, 00.2, 353° M, 23.8, 038° Port, 281° M, , 
18/08/2026, 17:23:47 UTC, 38° 19.080' N, 026° 41.698' E, 00.2, 352° M, 25.2, 040° Port, 281° M, , 
18/08/2026, 17:24:20 UTC, 38° 19.080' N, 026° 41.698' E, 00.1, 356° M, 24.4, 014° Port, 271° M, , 
18/08/2026, 17:24:50 UTC, 38° 19.080' N, 026° 41.698' E, 00.0, 356° M, 26.9, 046° Port, 283° M, , 
18/08/2026, 17:25:20 UTC, 38° 19.080' N, 026° 41.698' E, 00.1, 353° M, 27.0, 056° Stbd, 284° M, , 
18/08/2026, 17:25:50 UTC, 38° 19.080' N, 026° 41.698' E, 00.0, 358° M, 25.8, 052° Stbd, 271° M, , 
18/08/2026, 17:26:20 UTC, 38° 19.080' N, 026° 41.698' E, 00.1, 358° M, 24.2, 037° Port, 287° M, , 
18/08/2026, 17:26:49 UTC, 38° 19.080' N, 026° 41.698' E, 00.0, 358° M, 24.7, 014° Port, 279° M, , 
18/08/2026, 17:27:19 UTC, 38° 19.080' N, 026° 41.698' E, 00.0, 353° M, 28.0, 060° Stbd, 285° M, , 
18/08/2026, 17:27:52 UTC, 38° 19.080' N, 026° 41.698' E, 00.0, 352° M, 26.0, 037° Port, 291° M, , 
18/08/2026, 17:28:23 UTC, 38° 19.080' N, 026° 41.698' E, 00.3, 352° M, 24.3, 058° Port, 280° M, , 
18/08/2026, 17:28:55 UTC, 38° 19.080' N, 026° 41.698' E, 00.3, 353° M, 24.8, 054° Stbd, 274° M, , 
18/08/2026, 17:29:25 UTC, 38° 19.080' N, 026° 41.698' E, 00.3, 351° M, 25.7, 048° Port, 290° M, , 
18/08/2026, 17:29:57 UTC, 38° 19.080' N, 026° 41.698' E, 00.3, 354° M, 23.6, 018° Stbd, 270° M, , 
18/08/2026, 17:30:27 UTC, 38° 19.080' N, 026° 41.698' E, 00.1, 358° M, 25.9, 028° Port, 277° M, , 
18/08/2026, 17:30:55 UTC, 38° 19.080' N, 026° 41.698' E, 00.2, 358° M, 24.8, 021° Port, 285° M, , 
18/08/2026, 17:31:23 UTC, 38° 19.080' N, 026° 41.698' E, 00.2, 352° M, 26.3, 036° Stbd, 290° M, , 
18/08/2026, 17:31:56 UTC, 38° 19.080' N, 026° 41.698' E, 00.1, 358° M, 25.9, 028° Port, 283° M, , 
18/08/2026, 17:32:29 UTC, 38° 19.080' N, 026° 41.698' E, 00.0, 351° M, 25.6, 013° Port, 278° M, , 
18/08/2026, 17:33:00 UTC, 38° 19.080' N, 026° 41.698' E, 00.2, 351° M, 26.3, 049° Port, 285° M, , 
18/08/2026, 17:33:28 UTC, 38° 19.080' N, 026° 41.698' E, 00.2, 358° M, 26.6, 013° Port, 282° M, , 
18/08/2026, 17:33:58 UTC, 38° 19.080' N, 026° 41.698' E, 00.0, 353° M, 25.7, 035° Port, 276° M, , 
18/08/2026, 17:34:30 UTC, 38° 19.080' N, 026° 41.698' E, 00.1, 351° M, 26.6, 013° Stbd, 290° M, , 
18/08/2026, 17:35:03 UTC, 38° 19.080' N, 026° 41.698' E, 00.2, 358° M, 25.0, 030° Port, 276° M, , 
18/08/2026, 17:35:35 UTC, 38° 19.080' N, 026° 41.698' E, 00.1, 351° M, 25.6, 002° Stbd, 283° M, , 
18/08/2026, 17:36:07 UTC, 38° 19.080' N, 026° 41.698' E, 00.1, 354° M, 25.4, 034° Stbd, 292° M, , 
18/08/2026, 17:36:38 UTC, 38° 19.080' N, 026° 41.698' E, 00.0, 359° M, 25.6, 025° Port, 282° M, , 
18/08/2026, 17:37:11 UTC, 38° 19.080' N, 026° 41.698' E, 00.0, 351° M, 25.9, 040° Port, 278° M, , 
18/08/2026, 17:37:28 UTC, 38° 19.080' N, 026° 41.698' E, - - - - -, - - - - -, 27.2, 042° Port, 293° M, , 
18/08/2026, 17:37:53 UTC, 38° 19.080' N, 026° 41.698' E, 00.1, 351° M, 25.3, 023° Port, 280° M, , 
18/08/2026, 17:38:18 UTC, 38° 19.080' N, 026° 41.698' E, 00.2, 355° M, 24.5, 019° Stbd, 277° M, , 
18/08/2026, 17:38:35 UTC, 38° 19.080' N, 026° 41.698' E, 00.1, 357° M, 23.8, 028° Port, 284° M, , 
18/08/2026, 17:39:05 UTC, 38° 19.080' N, 026° 41.698' E, 00.1, 359° M, 24.6, 019° Port, 273° M, , 
18/08/2026, 17:39:35 UTC, 38° 19.080' N, 026° 41.698' E, 00.3, 350° M, 26.4, 032° Port, 285° M, , 
18/08/2026, 17:40:00 UTC, 38° 19.080' N, 026° 41.698' E, 00.2, 355° M, 26.1, 046° Port, 276° M, , 
18/08/2026, 17:40:25 UTC, 38° 19.080' N, 026° 41.698' E, 00.2, 350° M, 25.8, 031° Port, 274° M, , 
18/08/2026, 17:40:53 UTC, 38° 19.080' N, 026° 41.698' E, 00.2, 354° M, 25.4, 065° Port, 281° M, , 
18/08/2026, 17:41:25 UTC, 38° 19.080' N, 026° 41.698' E, 00.3, 354° M, 26.2, 007° Port, 281° M, , 
18/08/2026, 17:41:55 UTC, 38° 19.080' N, 026° 41.698' E, 00.3, 351° M, 25.8, 037° Stbd, 295° M, , 
18/08/2026, 17:42:23 UTC, 38° 19.080' N, 026° 41.698' E, 00.2, 356° M, 25.5, 030° Port, 288° M, , 
18/08/2026, 17:42:51 UTC, 38° 19.080' N, 026° 41.698' E, 00.2, 356° M, 26.4, 023° Port, 284° M, , 
18/08/2026, 17:43:08 UTC, 38° 19.080' N, 026° 41.698' E, 00.3, 353° M, 26.5, 024° Stbd, 299° M, , 
18/08/2026, 17:43:41 UTC, 38° 19.080' N, 026° 41.698' E, 00.0, 350° M, 26.4, 019° Port, 287° M, , 
18/08/2026, 17:44:11 UTC, 38° 19.080' N, 026° 41.698' E, 00.2, 359° M, 26.8, 041° Stbd, 285° M, , 
18/08/2026, 17:44:36 UTC, 38° 19.080' N, 026° 41.698' E, 00.2, 351° M, 26.2, 024° Port, 298° M, , 
18/08/2026, 17:45:06 UTC, 38° 19.080' N, 026° 41.698' E, 00.0, 354° M, 27.0, 043° Port, 285° M, , 
18/08/2026, 17:45:36 UTC, 38° 19.080' N, 026° 41.698' E, 00.2, 356° M, 24.1, 014° Port, 291° M, , 
18/08/2026, 17:46:04 UTC, 38° 19.080' N, 026° 41.698' E, - - - - -, - - - - -, 26.4, 018° Stbd, 292° M, , 
18/08/2026, 17:46:29 UTC, 38° 19.080' N, 026° 41.698' E, 00.1, 356° M, 26.6, 032° Port, 289° M, , 
18/08/2026, 17:46:57 UTC, 38° 19.080' N, 026° 41.698' E, 00.1, 354° M, 26.0, 057° Port, 289° M, , 
18/08/2026, 17:47:22 UTC, 38° 19.080' N, 026° 41.698' E, 00.2, 355° M, 26.3, 029° Stbd, 292° M, , 
18/08/2026, 17:47:54 UTC, 38° 19.080' N, 026° 41.698' E, 00.2, 352° M, 23.7, 036° Stbd, 277° M, , 
18/08/2026, 17:48:24 UTC, 38° 19.080' N, 026° 41.698' E, 00.2, 359° M, 24.6, 014° Port, 292° M, , 
18/08/2026, 17:48:41 UTC, 38° 19.080' N, 026° 41.698' E, 00.2, 355° M, 26.4, 007° Port, 285° M, , 
18/08/2026, 17:49:13 UTC, 38° 19.080' N, 026° 41.698' E, 00.0, 354° M, 25.0, 052° Stbd, 292° M, , 
18/08/2026, 17:49:45 UTC, 38° 19.080' N, 026° 41.698' E, 00.1, 355° M, 25.9, 040° Port, 298° M, , 
18/08/2026, 17:50:18 UTC, 38° 19.080' N, 026° 41.698' E, 00.1, 359° M, 26.0, 037° Port, 301° M, , 
18/08/2026, 17:50:46 UTC, 38° 19.080' N, 026° 41.698' E, 00.1, 353° M, 25.2, 071° Port, 280° M, , 
18/08/2026, 17:51:15 UTC, 38° 19.080' N, 026° 41.698' E, 00.0, 351° M, 25.9, 014° Stbd, 283° M, , 
18/08/2026, 17:51:45 UTC, 38° 19.080' N, 026° 41.698' E, 00.0, 358° M, 25.0, 030° Port, 282° M, , 
18/08/2026, 17:52:13 UTC, 38° 19.080' N, 026° 41.698' E, 00.0, 355° M, 27.6, 041° Stbd, 292° M, , 
18/08/2026, 17:52:44 UTC, 38° 19.080' N, 026° 41.698' E, 00.0, 354° M, 25.6, 049° Stbd, 277° M, , 
18/08/2026, 17:53:14 UTC, 38° 19.080' N, 026° 41.698' E, 00.2, 353° M, 26.9, 027° Port, 291° M, , 
18/08/2026, 17:53:45 UTC, 38° 19.080' N, 026° 41.698' E, 00.1, 354° M, 24.8, 046° Stbd, 286° M, , 
18/08/2026, 17:54:10 UTC, 38° 19.080' N, 026° 41.698' E, 00.1, 358° M, 25.6, 019° Port, 286° M, , 
18/08/2026, 17:54:42 UTC, 38° 19.080' N, 026° 41.698' E, 00.3, 359° M, 25.6, 052° Port, 281° M, , 
18/08/2026, 17:55:12 UTC, 38° 19.080' N, 026° 41.698' E, 00.3, 353° M, 26.5, 036° Port, 287° M, , 
18/08/2026, 17:55:42 UTC, 38° 19.080' N, 026° 41.698' E, 00.2, 355° M, 24.7, 040° Port, 296° M, , 
18/08/2026, 17:56:10 UTC, 38° 19.080' N, 026° 41.698' E, 00.2, 356° M, 23.5, 031° Port, 305° M, , 
18/08/2026, 17:56:40 UTC, 38° 19.080' N, 026° 41.698' E, 00.1, 354° M, 24.2, 013° Port, 296° M, , 
18/08/2026, 17:57:10 UTC, 38° 19.080' N, 026° 41.698' E, 00.0, 354° M, 24.9, 007° Port, 290° M, , 
18/08/2026, 17:57:41 UTC, 38° 19.080' N, 026° 41.698' E, 00.0, 352° M, 25.3, 042° Stbd, 290° M, , 
18/08/2026, 17:58:13 UTC, 38° 19.080' N, 026° 41.698' E, 00.3, 356° M, 24.6, 049° Stbd, 289° M, , 
18/08/2026, 17:58:30 UTC, 38° 19.080' N, 026° 41.698' E, 00.1, 355° M, 24.0, 066° Stbd, 277° M, , 
18/08/2026, 17:59:00 UTC, 38° 19.080' N, 026° 41.698' E, 00.3, 353° M, 23.1, 051° Port, 291° M, , 
18/08/2026, 17:59:30 UTC, 38° 19.080' N, 026° 41.698' E, 00.0, 354° M, 23.7, 025° Stbd, 292° M, , 
18/08/2026, 18:00:00 UTC, 38° 19.080' N, 026° 41.698' E, 00.1, 358° M, 25.0, 020° Port, 280° M, , 
18/08/2026, 18:00:31 UTC, 38° 19.080' N, 026° 41.698' E, 00.1, 354° M, 23.0, 020° Stbd, 286° M, , 
18/08/2026, 18:01:04 UTC, 38° 19.080' N, 026° 41.698' E, 00.1, 359° M, 22.9, 019° Stbd, 307° M, , 
18/08/2026, 18:01:34 UTC, 38° 19.080' N, 026° 41.698' E, - - - - -, - - - - -, 24.4, 053° Port, 302° M, , 
18/08/2026, 18:02:05 UTC, 38° 19.080' N, 026° 41.698' E, 00.1, 350° M, 23.6, 054° Port, 298° M, , 
18/08/2026, 18:02:38 UTC, 38° 19.080' N, 026° 41.698' E, 00.2, 358° M, 24.1, 030° Port, 291° M, , 
18/08/2026, 18:03:10 UTC, 38° 19.080' N, 026° 41.698' E, 00.3, 359° M, 24.2, 012° Stbd, 281° M, , 
18/08/2026, 18:03:35 UTC, 38° 19.080' N, 026° 41.698' E, 00.0, 355° M, 23.5, 051° Port, 285° M, , 
18/08/2026, 18:04:05 UTC, 38° 19.080' N, 026° 41.698' E, 00.1, 359° M, 23.4, 030° Port, 285° M, , 
18/08/2026, 18:04:35 UTC, 38° 19.080' N, 026° 41.698' E, 00.0, 352° M, 23.3, 023° Port, 299° M, , 
18/08/2026, 18:05:05 UTC, 38° 19.080' N, 026° 41.698' E, 00.1, 352° M, 23.2, 035° Stbd, 299° M, , 
18/08/2026, 18:05:22 UTC, 38° 19.080' N, 026° 41.698' E, 00.2, 355° M, 21.6, 033° Port, 291° M, , 
18/08/2026, 18:05:55 UTC, 38° 19.080' N, 026° 41.698' E, 00.1, 351° M, 22.2, 030° Stbd, 302° M, , 
18/08/2026, 18:06:23 UTC, 38° 19.080' N, 026° 41.698' E, 00.3, 355° M, 21.2, 059° Stbd, 291° M, , 
18/08/2026, 18:06:54 UTC, 38° 19.080' N, 026° 41.698' E, 00.2, 357° M, 23.1, 029° Stbd, 300° M, , 
18/08/2026, 18:07:22 UTC, 38° 19.080' N, 026° 41.698' E, 00.1, 358° M, 22.6, 019° Stbd, 290° M, , 
18/08/2026, 18:07:54 UTC, 38° 19.080' N, 026° 41.698' E, 00.3, 356° M, 21.5, 018° Port, 291° M, , 
18/08/2026, 18:08:23 UTC, 38° 19.080' N, 026° 41.698' E, 00.3, 359° M, 21.6, 038° Port, 312° M, , 
18/08/2026, 18:08:54 UTC, 38° 19.080' N, 026° 41.698' E, 00.1, 358° M, 21.2, 059° Port, 294° M, , 
18/08/2026, 18:09:25 UTC, 38° 19.080' N, 026° 41.698' E, 00.2, 350° M, 22.6, 025° Port, 294° M, , 
18/08/2026, 18:09:58 UTC, 38° 19.080' N, 026° 41.698' E, 00.3, 355° M, 21.1, 008° Stbd, 296° M, , 
18/08/2026, 18:10:28 UTC, 38° 19.080' N, 026° 41.698' E, 00.3, 352° M, 20.8, 006° Port, 293° M, , 
18/08/2026, 18:10:57 UTC, 38° 19.080' N, 026° 41.698' E, 00.2, 355° M, 21.4, 019° Stbd, 306° M, , 
18/08/2026, 18:11:26 UTC, 38° 19.080' N, 026° 41.698' E, - - - - -, - - - - -, 20.1, 043° Port, 296° M, , 
18/08/2026, 18:11:55 UTC, 38° 19.080' N, 026° 41.698' E, 00.1, 350° M, 21.3, 045° Port, 291° M, , 
18/08/2026, 18:12:25 UTC, 38° 19.080' N, 026° 41.698' E, 00.1, 356° M, 19.9, 053° Port, 284° M, , 
18/08/2026, 18:12:42 UTC, 38° 19.080' N, 026° 41.698' E, 00.3, 359° M, 20.9, 025° Port, 305° M, , 
18/08/2026, 18:13:12 UTC, 38° 19.080' N, 026° 41.698' E, 00.1, 351° M, 21.4, 006° Port, 304° M, , 
18/08/2026, 18:13:41 UTC, 38° 19.080' N, 026° 41.698' E, 00.3, 352° M, 20.2, 029° Stbd, 298° M, , 
18/08/2026, 18:14:14 UTC, 38° 19.080' N, 026° 41.698' E, - - - - -, - - - - -, 19.8, 024° Port, 290° M, , 
18/08/2026, 18:14:46 UTC, 38° 19.080' N, 026° 41.698' E, 00.1, 352° M, 20.1, 083° Port, 284° M, , 
18/08/2026, 18:15:16 UTC, 38° 19.080' N, 026° 41.698' E, 00.2, 351° M, 19.0, 068° Port, 285° M, , 
18/08/2026, 18:15:46 UTC, 38° 19.080' N, 026° 41.698' E, 00.1, 358° M, 20.4, 028° Stbd, 292° M, , 
18/08/2026, 18:16:16 UTC, 38° 19.080' N, 026° 41.698' E, 00.2, 352° M, 20.8, 011° Stbd, 281° M, , 
18/08/2026, 18:16:33 UTC, 38° 19.080' N, 026° 41.698' E, 00.0, 358° M, 20.0, 064° Stbd, 300° M, , 
18/08/2026, 18:16:50 UTC, 38° 19.080' N, 026° 41.698' E, 00.2, 350° M, 19.8, 056° Stbd, 286° M, , 
18/08/2026, 18:17:23 UTC, 38° 19.080' N, 026° 41.698' E, 00.3, 357° M, 18.5, 037° Port, 305° M, , 
18/08/2026, 18:17:52 UTC, 38° 19.080' N, 026° 41.698' E, 00.3, 355° M, 17.1, 051° Port, 293° M, , 
18/08/2026, 18:18:22 UTC, 38° 19.080' N, 026° 41.698' E, 00.0, 359° M, 19.1, 001° Stbd, 288° M, , 
18/08/2026, 18:18:39 UTC, 38° 19.080' N, 026° 41.698' E, 00.2, 351° M, 19.8, 018° Port, 290° M, , 
18/08/2026, 18:19:09 UTC, 38° 19.080' N, 026° 41.698' E, - - - - -, - - - - -, 16.7, 021° Port, 289° M, , 
18/08/2026, 18:19:26 UTC, 38° 19.080' N, 026° 41.698' E, 00.2, 355° M, 19.7, 055° Port, 291° M, , 
18/08/2026, 18:19:54 UTC, 38° 19.080' N, 026° 41.698' E, 00.2, 353° M, 16.8, 024° Port, 292° M, , 
18/08/2026, 18:20:22 UTC, 38° 19.080' N, 026° 41.698' E, 00.1, 358° M, 16.1, 041° Port, 286° M, , 
18/08/2026, 18:20:39 UTC, 38° 19.080' N, 026° 41.698' E, 00.3, 354° M, 16.8, 033° Port, 303° M, , 
18/08/2026, 18:21:09 UTC, 38° 19.080' N, 026° 41.698' E, 00.1, 353° M, 19.2, 029° Stbd, 304° M, , 
18/08/2026, 18:21:41 UTC, 38° 19.080' N, 026° 41.698' E, 00.1, 350° M, 17.8, 052° Port, 297° M, , 
18/08/2026, 18:21:58 UTC, 38° 19.080' N, 026° 41.698' E, 00.2, 354° M, 18.0, 042° Port, 293° M, , 
18/08/2026, 18:22:28 UTC, 38° 19.080' N, 026° 41.698' E, 00.1, 352° M, 16.6, 040° Port, 306° M, , 
18/08/2026, 18:22:58 UTC, 38° 19.080' N, 026° 41.698' E, 00.2, 355° M, 18.0, 032° Stbd, 297° M, , 
18/08/2026, 18:23:28 UTC, 38° 19.080' N, 026° 41.698' E, 00.3, 354° M, 18.9, 044° Port, 295° M, , 
18/08/2026, 18:23:59 UTC, 38° 19.080' N, 026° 41.698' E, 00.0, 350° M, 17.7, 046° Stbd, 285° M, , 
18/08/2026, 18:24:31 UTC, 38° 19.080' N, 026° 41.698' E, 00.1, 357° M, 16.1, 028° Port, 298° M, , 
18/08/2026, 18:25:02 UTC, 38° 19.080' N, 026° 41.698' E, 00.2, 356° M, 16.3, 040° Stbd, 291° M, , 
18/08/2026, 18:25:30 UTC, 38° 19.080' N, 026° 41.698' E, 00.1, 354° M, 15.5, 027° Stbd, 309° M, , 
18/08/2026, 18:26:03 UTC, 38° 19.080' N, 026° 41.698' E, 00.0, 351° M, 16.7, 000° Port, 300° M, , 
18/08/2026, 18:26:33 UTC, 38° 19.080' N, 026° 41.698' E, 00.1, 357° M, 16.2, 015° Stbd, 287° M, , 
18/08/2026, 18:27:03 UTC, 38° 19.080' N, 026° 41.698' E, 00.2, 353° M, 16.5, 023° Stbd, 293° M, , 
18/08/2026, 18:27:28 UTC, 38° 19.080' N, 026° 41.698' E, 00.1, 351° M, 16.8, 044° Port, 283° M, , 
18/08/2026, 18:27:58 UTC, 38° 19.080' N, 026° 41.698' E, 00.2, 351° M, 16.9, 027° Port, 303° M, , 
18/08/2026, 18:28:29 UTC, 38° 19.080' N, 026° 41.698' E, 00.3, 354° M, 18.7, 007° Port, 297° M, , 
18/08/2026, 18:28:59 UTC, 38° 19.080' N, 026° 41.698' E, 00.1, 350° M, 16.9, 046° Port, 305° M, , 
18/08/2026, 18:29:29 UTC, 38° 19.080' N, 026° 41.698' E, 00.1, 359° M, 16.0, 049° Port, 297° M, , 
18/08/2026, 18:29:59 UTC, 38° 19.080' N, 026° 41.698' E, 00.2, 356° M, 17.2, 019° Port, 293° M, , 
18/08/2026, 18:30:24 UTC, 38° 19.080' N, 026° 41.698' E, 00.0, 351° M, 14.8, 016° Port, 308° M, , 
18/08/2026, 18:30:54 UTC, 38° 19.080' N, 026° 41.698' E, 00.3, 354° M, 17.8, 009° Stbd, 305° M, , 
18/08/2026, 18:31:22 UTC, 38° 19.080' N, 026° 41.698' E, - - - - -, - - - - -, 16.5, 039° Stbd, 302° M, , 
18/08/2026, 18:31:50 UTC, 38° 19.080' N, 026° 41.698' E, 00.2, 356° M, 16.2, 029° Port, 302° M, , 
18/08/2026, 18:32:15 UTC, 38° 19.080' N, 026° 41.698' E, 00.3, 355° M, 14.8, 018° Stbd, 321° M, , 
18/08/2026, 18:32:40 UTC, 38° 19.080' N, 026° 41.698' E, 00.2, 356° M, 15.7, 038° Stbd, 319° M, , 
18/08/2026, 18:33:05 UTC, 38° 19.080' N, 026° 41.698' E, 00.0, 358° M, 16.1, 029° Port, 299° M, , 
18/08/2026, 18:33:36 UTC, 38° 19.080' N, 026° 41.698' E, 00.1, 350° M, 14.3, 026° Port, 305° M, , 
18/08/2026, 18:34:06 UTC, 38° 19.080' N, 026° 41.698' E, 00.1, 358° M, 15.0, 031° Stbd, 307° M, , 
18/08/2026, 18:34:36 UTC, 38° 19.080' N, 026° 41.698' E, 00.2, 353° M, 15.4, 037° Stbd, 297° M, , 
18/08/2026, 18:35:06 UTC, 38° 19.080' N, 026° 41.698' E, 00.2, 356° M, 14.4, 034° Port, 289° M, , 
18/08/2026, 18:35:36 UTC, 38° 19.080' N, 026° 41.698' E, 00.2, 355° M, 14.7, 012° Stbd, 309° M, , 
18/08/2026, 18:36:07 UTC, 38° 19.080' N, 026° 41.698' E, 00.1, 359° M, 15.3, 029° Stbd, 301° M, , 
18/08/2026, 18:36:32 UTC, 38° 19.080' N, 026° 41.698' E, 00.1, 352° M, 14.8, 010° Stbd, 299° M, , 
18/08/2026, 18:36:57 UTC, 38° 19.080' N, 026° 41.698' E, 00.2, 352° M, 15.4, 027° Stbd, 311° M, , 
18/08/2026, 18:37:27 UTC, 38° 19.080' N, 026° 41.698' E, 00.0, 353° M, 16.3, 019° Port, 298° M, , 
18/08/2026, 18:37:57 UTC, 38° 19.080' N, 026° 41.698' E, 00.2, 356° M, 15.0, 089° Stbd, 302° M, , 
18/08/2026, 18:38:29 UTC, 38° 19.080' N, 026° 41.698' E, 00.1, 350° M, 16.1, 082° Port, 286° M, , 
18/08/2026, 18:38:59 UTC, 38° 19.080' N, 026° 41.698' E, 00.2, 355° M, 15.2, 051° Stbd, 309° M, , 
18/08/2026, 18:39:29 UTC, 38° 19.080' N, 026° 41.698' E, 00.3, 355° M, 15.8, 026° Stbd, 301° M, , 
18/08/2026, 18:40:01 UTC, 38° 19.080' N, 026° 41.698' E, 00.3, 353° M, 13.1, 034° Stbd, 295° M, , 
18/08/2026, 18:40:32 UTC, 38° 19.080' N, 026° 41.698' E, 00.2, 356° M, 15.3, 028° Port, 313° M, , 
18/08/2026, 18:41:02 UTC, 38° 19.080' N, 026° 41.698' E, 00.3, 353° M, 15.3, 040° Stbd, 318° M, , 
18/08/2026, 18:41:33 UTC, 38° 19.080' N, 026° 41.698' E, 00.2, 357° M, 14.9, 028° Port, 305° M, , 
18/08/2026, 18:42:04 UTC, 38° 19.080' N, 026° 41.698' E, 00.3, 356° M, 15.6, 053° Port, 301° M, , 
18/08/2026, 18:42:37 UTC, 38° 19.080' N, 026° 41.698' E, 00.3, 355° M, 15.2, 066° Port, 307° M, , 
18/08/2026, 18:43:09 UTC, 38° 19.080' N, 026° 41.698' E, 00.2, 356° M, 15.4, 034° Port, 304° M, , 
18/08/2026, 18:43:39 UTC, 38° 19.080' N, 026° 41.698' E, 00.0, 357° M, 14.1, 044° Port, 298° M, , 
18/08/2026, 18:44:09 UTC, 38° 19.080' N, 026° 41.698' E, 00.1, 351° M, 14.7, 006° Stbd, 300° M, , 
18/08/2026, 18:44:42 UTC, 38° 19.080' N, 026° 41.698' E, 00.0, 351° M, 17.1, 029° Stbd, 301° M, , 
18/08/2026, 18:44:59 UTC, 38° 19.080' N, 026° 41.698' E, 00.1, 350° M, 14.9, 029° Port, 312° M, , 
18/08/2026, 18:45:28 UTC, 38° 19.080' N, 026° 41.698' E, 00.2, 359° M, 15.1, 029° Stbd, 312° M, , 
18/08/2026, 18:45:58 UTC, 38° 19.080' N, 026° 41.698' E, 00.3, 358° M, 14.5, 025° Port, 318° M, , 
18/08/2026, 18:46:27 UTC, 38° 19.080' N, 026° 41.698' E, 00.1, 357° M, 17.1, 019° Port, 304° M, , 
18/08/2026, 18:46:57 UTC, 38° 19.080' N, 026° 41.698' E, 00.2, 354° M, 15.2, 024° Port, 289° M, , 
18/08/2026, 18:47:26 UTC, 38° 19.080' N, 026° 41.698' E, 00.1, 358° M, 14.1, 009° Stbd, 315° M, , 
18/08/2026, 18:47:57 UTC, 38° 19.080' N, 026° 41.698' E, 00.3, 359° M, 14.9, 021° Stbd, 309° M, , 
18/08/2026, 18:48:26 UTC, 38° 19.080' N, 026° 41.698' E, 00.2, 351° M, 15.4, 041° Stbd, 322° M, , 
18/08/2026, 18:48:58 UTC, 38° 19.080' N, 026° 41.698' E, 00.2, 357° M, 16.1, 031° Stbd, 298° M, , 
18/08/2026, 18:49:26 UTC, 38° 19.080' N, 026° 41.698' E, 00.1, 358° M, 13.5, 038° Port, 308° M, , 
18/08/2026, 18:49:55 UTC, 38° 19.080' N, 026° 41.698' E, 00.1, 356° M, 15.3, 073° Port, 319° M, , 
18/08/2026, 18:50:23 UTC, 38° 19.080' N, 026° 41.698' E, 00.2, 350° M, 15.6, 031° Stbd, 317° M, , 
18/08/2026, 18:50:48 UTC, 38° 19.080' N, 026° 41.698' E, 00.1, 355° M, 18.1, 035° Stbd, 307° M, , 
18/08/2026, 18:51:20 UTC, 38° 19.080' N, 026° 41.698' E, 00.2, 359° M, 16.1, 052° Port, 298° M, , 
18/08/2026, 18:51:49 UTC, 38° 19.080' N, 026° 41.698' E, 00.1, 357° M, 15.7, 055° Stbd, 309° M, , 
18/08/2026, 18:52:19 UTC, 38° 19.080' N, 026° 41.698' E, 00.3, 357° M, 16.6, 067° Stbd, 305° M, , 
18/08/2026, 18:52:50 UTC, 38° 19.080' N, 026° 41.698' E, 00.1, 358° M, 16.3, 024° Port, 313° M, , 
18/08/2026, 18:53:20 UTC, 38° 19.080' N, 026° 41.698' E, 00.2, 359° M, 14.3, 050° Port, 306° M, , 
18/08/2026, 18:53:50 UTC, 38° 19.080' N, 026° 41.698' E, - - - - -, - - - - -, 14.6, 050° Stbd, 309° M, , 
18/08/2026, 18:54:20 UTC, 38° 19.080' N, 026° 41.698' E, 00.2, 353° M, 18.3, 053° Stbd, 306° M, , 
18/08/2026, 18:54:37 UTC, 38° 19.080' N, 026° 41.698' E, 00.1, 352° M, 16.6, 063° Stbd, 328° M, , 
18/08/2026, 18:55:10 UTC, 38° 19.080' N, 026° 41.698' E, 00.1, 359° M, 17.6, 013° Port, 313° M, , 
18/08/2026, 18:55:38 UTC, 38° 19.080' N, 026° 41.698' E, 00.2, 359° M, 13.8, 006° Port, 305° M, , 
18/08/2026, 18:56:08 UTC, 38° 19.080' N, 026° 41.698' E, 00.1, 355° M, 18.2, 031° Stbd, 320° M, , 
18/08/2026, 18:56:40 UTC, 38° 19.080' N, 026° 41.698' E, 00.3, 351° M, 16.5, 032° Port, 314° M, , 
18/08/2026, 18:57:12 UTC, 38° 19.080' N, 026° 41.698' E, 00.1, 351° M, 14.9, 017° Port, 322° M, , 
18/08/2026, 18:57:40 UTC, 38° 19.080' N, 026° 41.698' E, 00.1, 356° M, 14.4, 026° Stbd, 320° M, , 
18/08/2026, 18:58:12 UTC, 38° 19.080' N, 026° 41.698' E, 00.2, 354° M, 17.0, 052° Port, 317° M, , 
18/08/2026, 18:58:42 UTC, 38° 19.080' N, 026° 41.698' E, 00.2, 354° M, 14.7, 073° Stbd, 317° M, , 
18/08/2026, 18:59:15 UTC, 38° 19.080' N, 026° 41.698' E, 00.2, 356° M, 15.7, 037° Stbd, 317° M, , 
18/08/2026, 18:59:46 UTC, 38° 19.080' N, 026° 41.698' E, 00.2, 353° M, 14.6, 026° Stbd, 319° M, , 
18/08/2026, 19:00:15 UTC, 38° 19.080' N, 026° 41.698' E, 00.1, 356° M, 16.0, 029° Port, 306° M, , 
18/08/2026, 19:00:46 UTC, 38° 19.080' N, 026° 41.698' E, 00.2, 356° M, 16.3, 026° Port, 313° M, , 
18/08/2026, 19:01:16 UTC, 38° 19.080' N, 026° 41.698' E, 00.1, 355° M, 15.3, 030° Stbd, 325° M, , 
18/08/2026, 19:01:46 UTC, 38° 19.080' N, 026° 41.698' E, 00.1, 353° M, 17.7, 041° Port, 317° M, , 
18/08/2026, 19:02:16 UTC, 38° 19.080' N, 026° 41.698' E, 00.1, 357° M, 15.7, 031° Port, 312° M, , 
18/08/2026, 19:02:45 UTC, 38° 19.080' N, 026° 41.698' E, 00.1, 352° M, 15.1, 045° Port, 313° M, , 
18/08/2026, 19:03:02 UTC, 38° 19.080' N, 026° 41.698' E, 00.2, 352° M, 17.2, 062° Stbd, 311° M, , 
18/08/2026, 19:03:32 UTC, 38° 19.080' N, 026° 41.698' E, 00.2, 351° M, 17.3, 028° Port, 322° M, , 
18/08/2026, 19:04:02 UTC, 38° 19.080' N, 026° 41.698' E, 00.3, 353° M, 16.1, 038° Port, 311° M, , 
18/08/2026, 19:04:32 UTC, 38° 19.080' N, 026° 41.698' E, 00.1, 352° M, 17.7, 043° Stbd, 315° M, , 
18/08/2026, 19:05:04 UTC, 38° 19.080' N, 026° 41.698' E, 00.0, 355° M, 16.8, 044° Port, 301° M, , 
18/08/2026, 19:05:29 UTC, 38° 19.080' N, 026° 41.698' E, - - - - -, - - - - -, 18.6, 034° Stbd, 323° M, , 
18/08/2026, 19:06:01 UTC, 38° 19.080' N, 026° 41.698' E, 00.2, 359° M, 16.9, 047° Port, 316° M, , 
18/08/2026, 19:06:32 UTC, 38° 19.080' N, 026° 41.698' E, 00.2, 350° M, 17.4, 061° Stbd, 319° M, , 
18/08/2026, 19:07:00 UTC, 38° 19.080' N, 026° 41.698' E, - - - - -, - - - - -, 15.7, 037° Stbd, 320° M, , 
18/08/2026, 19:07:25 UTC, 38° 19.080' N, 026° 41.698' E, 00.1, 359° M, 15.3, 031° Port, 309° M, , 
18/08/2026, 19:07:55 UTC, 38° 19.080' N, 026° 41.698' E, 00.2, 350° M, 16.5, 029° Port, 316° M, , 
18/08/2026, 19:08:27 UTC, 38° 19.080' N, 026° 41.698' E, 00.2, 352° M, 15.5, 028° Stbd, 307° M, , 
18/08/2026, 19:08:57 UTC, 38° 19.080' N, 026° 41.698' E, 00.2, 357° M, 14.3, 045° Port, 326° M, , 
18/08/2026, 19:09:26 UTC, 38° 19.080' N, 026° 41.698' E, 00.1, 353° M, 15.2, 027° Stbd, 318° M, , 
18/08/2026, 19:09:56 UTC, 38° 19.080' N, 026° 41.698' E, 00.1, 358° M, 15.7, 067° Port, 321° M, , 
18/08/2026, 19:10:26 UTC, 38° 19.080' N, 026° 41.698' E, 00.2, 357° M, 14.2, 041° Port, 327° M, , 
18/08/2026, 19:10:54 UTC, 38° 19.080' N, 026° 41.698' E, 00.0, 352° M, 16.4, 032° Stbd, 316° M, , 
18/08/2026, 19:11:24 UTC, 38° 19.080' N, 026° 41.698' E, 00.3, 358° M, 14.9, 021° Port, 315° M, , 
18/08/2026, 19:11:54 UTC, 38° 19.080' N, 026° 41.698' E, 00.3, 358° M, 14.9, 029° Port, 321° M, , 
18/08/2026, 19:12:11 UTC, 38° 19.080' N, 026° 41.698' E, 00.3, 352° M, 12.6, 055° Port, 313° M, , 
18/08/2026, 19:12:42 UTC, 38° 19.080' N, 026° 41.698' E, 00.0, 359° M, 12.8, 037° Port, 322° M, , 
18/08/2026, 19:13:14 UTC, 38° 19.080' N, 026° 41.698' E, 00.1, 353° M, 16.2, 031° Stbd, 324° M, , 
18/08/2026, 19:13:44 UTC, 38° 19.080' N, 026° 41.698' E, 00.2, 356° M, 13.7, 039° Port, 316° M, , 
18/08/2026, 19:14:01 UTC, 38° 19.080' N, 026° 41.698' E, - - - - -, - - - - -, 15.4, 042° Stbd, 322° M, , 
18/08/2026, 19:14:33 UTC, 38° 19.080' N, 026° 41.698' E, 00.0, 356° M, 16.0, 034° Stbd, 323° M, , 
18/08/2026, 19:14:50 UTC, 38° 19.080' N, 026° 41.698' E, 00.3, 354° M, 13.8, 028° Stbd, 319° M, , 
18/08/2026, 19:15:20 UTC, 38° 19.080' N, 026° 41.698' E, 00.1, 353° M, 14.0, 046° Port, 323° M, , 
18/08/2026, 19:15:37 UTC, 38° 19.080' N, 026° 41.698' E, 00.1, 357° M, 14.9, 043° Stbd, 312° M, , 
18/08/2026, 19:16:07 UTC, 38° 19.080' N, 026° 41.698' E, 00.2, 355° M, 15.3, 051° Stbd, 317° M, , 
18/08/2026, 19:16:37 UTC, 38° 19.080' N, 026° 41.698' E, 00.0, 354° M, 15.4, 059° Port, 327° M, , 
18/08/2026, 19:17:07 UTC, 38° 19.080' N, 026° 41.698' E, 00.1, 357° M, 14.7, 061° Stbd, 318° M, , 
18/08/2026, 19:17:40 UTC, 38° 19.080' N, 026° 41.698' E, 00.0, 352° M, 15.0, 064° Port, 323° M, , 
18/08/2026, 19:17:57 UTC, 38° 19.080' N, 026° 41.698' E, 00.1, 359° M, 13.0, 032° Port, 315° M, , 
18/08/2026, 19:18:27 UTC, 38° 19.080' N, 026° 41.698' E, 00.1, 357° M, 13.3, 029° Port, 322° M, , 
18/08/2026, 19:18:57 UTC, 38° 19.080' N, 026° 41.698' E, 00.3, 354° M, 14.5, 057° Stbd, 319° M, , 
18/08/2026, 19:19:27 UTC, 38° 19.080' N, 026° 41.698' E, 00.2, 352° M, 13.5, 057° Stbd, 319° M, , 
18/08/2026, 19:19:56 UTC, 38° 19.080' N, 026° 41.698' E, 00.0, 354° M, 13.0, 036° Stbd, 329° M, , 
18/08/2026, 19:20:27 UTC, 38° 19.080' N, 026° 41.698' E, 00.1, 353° M, 13.9, 000° Stbd, 314° M, , 
18/08/2026, 19:21:00 UTC, 38° 19.080' N, 026° 41.698' E, 00.1, 352° M, 12.1, 040° Port, 304° M, , 
18/08/2026, 19:21:28 UTC, 38° 19.080' N, 026° 41.698' E, 00.2, 355° M, 13.2, 013° Port, 307° M, , 
18/08/2026, 19:21:57 UTC, 38° 19.080' N, 026° 41.698' E, 00.2, 351° M, 14.1, 045° Port, 325° M, , 
18/08/2026, 19:22:25 UTC, 38° 19.080' N, 026° 41.698' E, 00.1, 359° M, 12.6, 037° Port, 315° M, , 
18/08/2026, 19:22:55 UTC, 38° 19.080' N, 026° 41.698' E, 00.1, 353° M, 13.0, 076° Stbd, 325° M, , 
18/08/2026, 19:23:27 UTC, 38° 19.080' N, 026° 41.698' E, 00.1, 358° M, 13.1, 023° Port, 318° M, , 
18/08/2026, 19:23:58 UTC, 38° 19.080' N, 026° 41.698' E, 00.2, 359° M, 13.0, 029° Port, 336° M, , 
18/08/2026, 19:24:31 UTC, 38° 19.080' N, 026° 41.698' E, 00.2, 351° M, 14.1, 056° Stbd, 314° M, , 
18/08/2026, 19:25:01 UTC, 38° 19.080' N, 026° 41.698' E, 00.2, 359° M, 13.9, 013° Stbd, 322° M, , 
18/08/2026, 19:25:29 UTC, 38° 19.080' N, 026° 41.698' E, - - - - -, - - - - -, 12.6, 027° Port, 338° M, , 
18/08/2026, 19:25:59 UTC, 38° 19.080' N, 026° 41.698' E, - - - - -, - - - - -, 11.5, 023° Stbd, 329° M, , 
18/08/2026, 19:26:29 UTC, 38° 19.080' N, 026° 41.698' E, - - - - -, - - - - -, 11.5, 062° Port, 331° M, , 
18/08/2026, 19:27:02 UTC, 38° 19.080' N, 026° 41.698' E, 00.0, 353° M, 11.9, 023° Port, 311° M, , 
18/08/2026, 19:27:31 UTC, 38° 19.080' N, 026° 41.698' E, 00.2, 357° M, 11.3, 019° Port, 329° M, , 
18/08/2026, 19:28:03 UTC, 38° 19.080' N, 026° 41.698' E, 00.0, 356° M, 11.3, 030° Port, 311° M, , 
18/08/2026, 19:28:35 UTC, 38° 19.080' N, 026° 41.698' E, 00.1, 357° M, 13.5, 038° Port, 328° M, , 
18/08/2026, 19:29:05 UTC, 38° 19.080' N, 026° 41.698' E, 00.0, 350° M, 11.0, 096° Stbd, 306° M, , 
18/08/2026, 19:29:33 UTC, 38° 19.080' N, 026° 41.698' E, 00.2, 355° M, 09.0, 014° Port, 323° M, , 
18/08/2026, 19:29:58 UTC, 38° 19.080' N, 026° 41.698' E, 00.2, 352° M, 09.8, 013° Stbd, 317° M, , 
18/08/2026, 19:30:28 UTC, 38° 19.080' N, 026° 41.698' E, 00.2, 352° M, 10.6, 050° Port, 311° M, , 
18/08/2026, 19:30:57 UTC, 38° 19.080' N, 026° 41.698' E, 00.2, 353° M, 11.4, 035° Stbd, 322° M, , 
18/08/2026, 19:31:25 UTC, 38° 19.080' N, 026° 41.698' E, 00.3, 354° M, 09.6, 003° Stbd, 334° M, , 
18/08/2026, 19:31:55 UTC, 38° 19.080' N, 026° 41.698' E, - - - - -, - - - - -, 10.5, 053° Stbd, 305° M, , 
18/08/2026, 19:32:23 UTC, 38° 19.080' N, 026° 41.698' E, 00.2, 359° M, 13.9, 065° Port, 311° M, , 
18/08/2026, 19:32:48 UTC, 38° 19.080' N, 026° 41.698' E, 00.0, 358° M, 11.1, 029° Port, 322° M, , 
18/08/2026, 19:33:18 UTC, 38° 19.080' N, 026° 41.698' E, 00.2, 350° M, 08.0, 013° Port, 325° M, , 
18/08/2026, 19:33:50 UTC, 38° 19.080' N, 026° 41.698' E, 00.2, 351° M, 09.4, 052° Port, 334° M, , 
18/08/2026, 19:34:20 UTC, 38° 19.080' N, 026° 41.698' E, 00.3, 354° M, 09.9, 033° Port, 321° M, , 
18/08/2026, 19:34:45 UTC, 38° 19.080' N, 026° 41.698' E, 00.2, 351° M, 12.4, 046° Stbd, 313° M, , 
18/08/2026, 19:35:16 UTC, 38° 19.080' N, 026° 41.698' E, 00.3, 351° M, 09.0, 033° Port, 325° M, , 
18/08/2026, 19:35:46 UTC, 38° 19.080' N, 026° 41.698' E, 00.2, 357° M, 11.1, 029° Port, 330° M, , 
18/08/2026, 19:36:16 UTC, 38° 19.080' N, 026° 41.698' E, 00.2, 358° M, 08.5, 027° Port, 322° M, , 
18/08/2026, 19:36:33 UTC, 38° 19.080' N, 026° 41.698' E, 00.3, 355° M, 09.3, 023° Stbd, 326° M, , 
18/08/2026, 19:37:06 UTC, 38° 19.080' N, 026° 41.698' E, 00.1, 354° M, 08.5, 019° Stbd, 327° M, , 
18/08/2026, 19:37:36 UTC, 38° 19.080' N, 026° 41.698' E, 00.1, 356° M, 09.9, 043° Stbd, 323° M, , 
18/08/2026, 19:38:06 UTC, 38° 19.080' N, 026° 41.698' E, 00.3, 351° M, 09.6, 054° Stbd, 319° M, , 
18/08/2026, 19:38:31 UTC, 38° 19.080' N, 026° 41.698' E, 00.2, 352° M, 09.3, 001° Port, 330° M, , 
18/08/2026, 19:39:02 UTC, 38° 19.080' N, 026° 41.698' E, 00.0, 352° M, 10.4, 001° Stbd, 314° M, , 
18/08/2026, 19:39:32 UTC, 38° 19.080' N, 026° 41.698' E, 00.1, 350° M, 08.2, 059° Port, 326° M, , 
18/08/2026, 19:40:05 UTC, 38° 19.080' N, 026° 41.698' E, 00.2, 358° M, 08.0, 044° Port, 334° M, , 
18/08/2026, 19:40:33 UTC, 38° 19.080' N, 026° 41.698' E, 00.1, 350° M, 09.5, 050° Stbd, 327° M, , 
18/08/2026, 19:41:05 UTC, 38° 19.080' N, 026° 41.698' E, 00.2, 351° M, 07.9, 078° Port, 325° M, , 
18/08/2026, 19:41:35 UTC, 38° 19.080' N, 026° 41.698' E, 00.2, 356° M, 07.8, 057° Port, 325° M, , 
18/08/2026, 19:42:00 UTC, 38° 19.080' N, 026° 41.698' E, 00.0, 354° M, 10.0, 050° Port, 325° M, , 
18/08/2026, 19:42:30 UTC, 38° 19.080' N, 026° 41.698' E, 00.2, 355° M, 07.9, 032° Port, 325° M, , 
18/08/2026, 19:42:59 UTC, 38° 19.080' N, 026° 41.698' E, 00.2, 353° M, 07.5, 048° Port, 337° M, , 
18/08/2026, 19:43:31 UTC, 38° 19.080' N, 026° 41.698' E, 00.1, 352° M, 05.4, 047° Stbd, 333° M, , 
18/08/2026, 19:44:02 UTC, 38° 19.080' N, 026° 41.698' E, 00.2, 358° M, 07.4, 040° Port, 330° M, , 
18/08/2026, 19:44:30 UTC, 38° 19.080' N, 026° 41.698' E, 00.3, 354° M, 06.5, 026° Port, 324° M, , 
18/08/2026, 19:45:03 UTC, 38° 19.080' N, 026° 41.698' E, 00.3, 352° M, 09.2, 016° Port, 336° M, , 
18/08/2026, 19:45:33 UTC, 38° 19.080' N, 026° 41.698' E, - - - - -, - - - - -, 09.6, 044° Port, 323° M, , 
18/08/2026, 19:46:03 UTC, 38° 19.080' N, 026° 41.698' E, 00.3, 351° M, 08.4, 028° Stbd, 327° M, , 
18/08/2026, 19:46:33 UTC, 38° 19.080' N, 026° 41.698' E, 00.3, 359° M, 08.0, 034° Stbd, 324° M, , 
18/08/2026, 19:47:03 UTC, 38° 19.080' N, 026° 41.698' E, 00.1, 351° M, 07.6, 044° Stbd, 329° M, , 
18/08/2026, 19:47:32 UTC, 38° 19.080' N, 026° 41.698' E, 00.1, 350° M, 07.3, 037° Stbd, 332° M, , 
18/08/2026, 19:48:02 UTC, 38° 19.080' N, 026° 41.698' E, 00.3, 350° M, 07.8, 016° Port, 325° M, , 
18/08/2026, 19:48:32 UTC, 38° 19.080' N, 026° 41.698' E, - - - - -, - - - - -, 08.7, 020° Stbd, 314° M, , 
18/08/2026, 19:49:01 UTC, 38° 19.080' N, 026° 41.698' E, 00.1, 356° M, 05.8, 038° Stbd, 325° M, , 
18/08/2026, 19:49:26 UTC, 38° 19.080' N, 026° 41.698' E, 00.2, 351° M, 05.1, 013° Stbd, 344° M, , 
18/08/2026, 19:49:55 UTC, 38° 19.080' N, 026° 41.698' E, 00.0, 358° M, 06.2, 062° Stbd, 325° M, , 
18/08/2026, 19:50:24 UTC, 38° 19.080' N, 026° 41.698' E, 00.0, 359° M, 05.5, 041° Port, 344° M, , 
18/08/2026, 19:50:54 UTC, 38° 19.080' N, 026° 41.698' E, 00.2, 353° M, 07.5, 071° Port, 331° M, , 
18/08/2026, 19:51:26 UTC, 38° 19.080' N, 026° 41.698' E, 00.1, 354° M, 08.6, 027° Port, 324° M, , 
18/08/2026, 19:51:56 UTC, 38° 19.080' N, 026° 41.698' E, 00.2, 357° M, 05.8, 025° Stbd, 328° M, , 
18/08/2026, 19:52:25 UTC, 38° 19.080' N, 026° 41.698' E, 00.0, 359° M, 07.6, 074° Port, 336° M, , 
18/08/2026, 19:52:56 UTC, 38° 19.080' N, 026° 41.698' E, 00.3, 357° M, 07.0, 027° Stbd, 320° M, , 
18/08/2026, 19:53:27 UTC, 38° 19.080' N, 026° 41.698' E, 00.2, 357° M, 08.5, 039° Stbd, 342° M, , 
18/08/2026, 19:53:57 UTC, 38° 19.080' N, 026° 41.698' E, 00.1, 352° M, 07.2, 042° Stbd, 342° M, , 
18/08/2026, 19:54:27 UTC, 38° 19.080' N, 026° 41.698' E, 00.2, 359° M, 09.4, 033° Stbd, 346° M, , 
18/08/2026, 19:54:55 UTC, 38° 19.080' N, 026° 41.698' E, 00.2, 350° M, 07.6, 015° Port, 333° M, , 
18/08/2026, 19:55:25 UTC, 38° 19.080' N, 026° 41.698' E, - - - - -, - - - - -, 05.5, 011° Port, 339° M, , 
18/08/2026, 19:55:55 UTC, 38° 19.080' N, 026° 41.698' E, 00.2, 351° M, 06.2, 041° Stbd, 319° M, , 
18/08/2026, 19:56:23 UTC, 38° 19.080' N, 026° 41.698' E, 00.1, 353° M, 07.1, 015° Port, 329° M, , 
18/08/2026, 19:56:53 UTC, 38° 19.080' N, 026° 41.698' E, 00.1, 354° M, 08.1, 029° Stbd, 346° M, , 
18/08/2026, 19:57:23 UTC, 38° 19.080' N, 026° 41.698' E, 00.1, 356° M, 06.9, 040° Port, 335° M, , 
18/08/2026, 19:57:53 UTC, 38° 19.080' N, 026° 41.698' E, 00.2, 353° M, 08.7, 079° Port, 329° M, , 
18/08/2026, 19:58:22 UTC, 38° 19.080' N, 026° 41.698' E, 00.2, 358° M, 07.7, 017° Stbd, 338° M, , 
18/08/2026, 19:58:52 UTC, 38° 19.080' N, 026° 41.698' E, 00.2, 351° M, 08.0, 057° Stbd, 340° M, , 
18/08/2026, 19:59:22 UTC, 38° 19.080' N, 026° 41.698' E, 00.3, 355° M, 06.6, 047° Port, 335° M, , 
18/08/2026, 19:59:52 UTC, 38° 19.080' N, 026° 41.698' E, 00.1, 351° M, 08.0, 045° Stbd, 350° M, , 
18/08/2026, 20:00:22 UTC, 38° 19.080' N, 026° 41.698' E, 00.1, 354° M, 06.9, 038° Port, 342° M, , 
18/08/2026, 20:00:39 UTC, 38° 19.080' N, 026° 41.698' E, 00.1, 350° M, 08.3, 037° Stbd, 333° M, , 
18/08/2026, 20:01:07 UTC, 38° 19.080' N, 026° 41.698' E, 00.3, 352° M, 07.3, 037° Port, 330° M, , 
18/08/2026, 20:01:37 UTC, 38° 19.080' N, 026° 41.698' E, 00.1, 353° M, 05.4, 049° Port, 340° M, , 
18/08/2026, 20:02:05 UTC, 38° 19.080' N, 026° 41.698' E, 00.3, 355° M, 07.6, 035° Stbd, 323° M, , 
18/08/2026, 20:02:36 UTC, 38° 19.080' N, 026° 41.698' E, 00.3, 353° M, 07.1, 051° Port, 338° M, , 
18/08/2026, 20:03:04 UTC, 38° 19.080' N, 026° 41.698' E, 00.1, 352° M, 07.9, 042° Stbd, 340° M, , 
18/08/2026, 20:03:33 UTC, 38° 19.080' N, 026° 41.698' E, - - - - -, - - - - -, 08.8, 018° Port, 334° M, , 
18/08/2026, 20:04:05 UTC, 38° 19.080' N, 026° 41.698' E, 00.1, 353° M, 09.2, 031° Port, 340° M, , 
18/08/2026, 20:04:30 UTC, 38° 19.080' N, 026° 41.698' E, 00.1, 352° M, 08.0, 025° Stbd, 327° M, , 
18/08/2026, 20:05:00 UTC, 38° 19.080' N, 026° 41.698' E, 00.3, 357° M, 09.1, 033° Port, 336° M, , 
18/08/2026, 20:05:29 UTC, 38° 19.080' N, 026° 41.698' E, 00.2, 354° M, 08.8, 056° Stbd, 334° M, , 
18/08/2026, 20:05:57 UTC, 38° 19.080' N, 026° 41.698' E, 00.1, 351° M, 07.8, 049° Port, 348° M, , 
18/08/2026, 20:06:25 UTC, 38° 19.080' N, 026° 41.698' E, 00.1, 354° M, 07.5, 035° Port, 346° M, , 
18/08/2026, 20:06:57 UTC, 38° 19.080' N, 026° 41.698' E, 00.2, 353° M, 08.0, 004° Port, 329° M, , 
18/08/2026, 20:07:25 UTC, 38° 19.080' N, 026° 41.698' E, 00.1, 357° M, 09.9, 017° Port, 336° M, , 
18/08/2026, 20:07:42 UTC, 38° 19.080' N, 026° 41.698' E, 00.3, 352° M, 10.3, 034° Stbd, 000° M, , 
18/08/2026, 20:08:10 UTC, 38° 19.080' N, 026° 41.698' E, 00.1, 357° M, 08.1, 051° Port, 327° M, , 
18/08/2026, 20:08:35 UTC, 38° 19.080' N, 026° 41.698' E, 00.1, 353° M, 09.3, 006° Port, 328° M, , 
18/08/2026, 20:09:04 UTC, 38° 19.080' N, 026° 41.698' E, 00.3, 356° M, 08.1, 036° Stbd, 327° M, , 
18/08/2026, 20:09:34 UTC, 38° 19.080' N, 026° 41.698' E, 00.1, 352° M, 08.7, 021° Stbd, 341° M, , 
18/08/2026, 20:10:04 UTC, 38° 19.080' N, 026° 41.698' E, 00.1, 359° M, 08.5, 020° Stbd, 345° M, , 
18/08/2026, 20:10:33 UTC, 38° 19.080' N, 026° 41.698' E, 00.3, 359° M, 06.8, 039° Stbd, 336° M, , 
18/08/2026, 20:11:03 UTC, 38° 19.080' N, 026° 41.698' E, 00.3, 351° M, 06.6, 030° Port, 341° M, , 
18/08/2026, 20:11:35 UTC, 38° 19.080' N, 026° 41.698' E, - - - - -, - - - - -, 09.5, 030° Port, 339° M, , 
18/08/2026, 20:12:05 UTC, 38° 19.080' N, 026° 41.698' E, 00.0, 358° M, 07.8, 007° Stbd, 338° M, , 
18/08/2026, 20:12:37 UTC, 38° 19.080' N, 026° 41.698' E, 00.1, 357° M, 08.7, 061° Port, 335° M, , 
18/08/2026, 20:13:07 UTC, 38° 19.080' N, 026° 41.698' E, 00.1, 353° M, 09.0, 027° Stbd, 340° M, , 
18/08/2026, 20:13:32 UTC, 38° 19.080' N, 026° 41.698' E, 00.1, 350° M, 10.1, 054° Stbd, 323° M, , 
18/08/2026, 20:14:01 UTC, 38° 19.080' N, 026° 41.698' E, 00.2, 352° M, 08.0, 021° Port, 335° M, , 
18/08/2026, 20:14:34 UTC, 38° 19.080' N, 026° 41.698' E, 00.1, 359° M, 09.4, 063° Stbd, 337° M, , 
18/08/2026, 20:15:04 UTC, 38° 19.080' N, 026° 41.698' E, 00.1, 354° M, 10.3, 057° Port, 330° M, , 
18/08/2026, 20:15:34 UTC, 38° 19.080' N, 026° 41.698' E, 00.0, 350° M, 09.8, 008° Stbd, 332° M, , 
18/08/2026, 20:16:03 UTC, 38° 19.080' N, 026° 41.698' E, 00.3, 357° M, 10.3, 045° Port, 331° M, , 
18/08/2026, 20:16:33 UTC, 38° 19.080' N, 026° 41.698' E, 00.1, 355° M, 09.0, 042° Stbd, 331° M, , 
18/08/2026, 20:17:02 UTC, 38° 19.080' N, 026° 41.698' E, 00.1, 350° M, 10.5, 039° Stbd, 332° M, , 
18/08/2026, 20:17:32 UTC, 38° 19.080' N, 026° 41.698' E, 00.2, 351° M, 08.6, 011° Port, 345° M, , 
18/08/2026, 20:18:00 UTC, 38° 19.080' N, 026° 41.698' E, 00.2, 350° M, 10.0, 010° Stbd, 353° M, , 
18/08/2026, 20:18:32 UTC, 38° 19.080' N, 026° 41.698' E, 00.1, 357° M, 08.9, 023° Stbd, 333° M, , 
18/08/2026, 20:19:03 UTC, 38° 19.080' N, 026° 41.698' E, 00.2, 353° M, 10.7, 016° Port, 347° M, , 
18/08/2026, 20:19:33 UTC, 38° 19.080' N, 026° 41.698' E, 00.1, 356° M, 09.2, 079° Stbd, 337° M, , 
18/08/2026, 20:19:50 UTC, 38° 19.080' N, 026° 41.698' E, 00.2, 357° M, 10.4, 037° Stbd, 346° M, , 
18/08/2026, 20:20:18 UTC, 38° 19.080' N, 026° 41.698' E, 00.1, 353° M, 08.5, 038° Port, 336° M, , 
18/08/2026, 20:20:43 UTC, 38° 19.080' N, 026° 41.698' E, 00.1, 359° M, 10.0, 029° Stbd, 328° M, , 
18/08/2026, 20:21:00 UTC, 38° 19.080' N, 026° 41.698' E, 00.0, 358° M, 10.3, 010° Port, 333° M, , 
18/08/2026, 20:21:29 UTC, 38° 19.080' N, 026° 41.698' E, 00.1, 353° M, 08.1, 030° Port, 351° M, , 
18/08/2026, 20:21:59 UTC, 38° 19.080' N, 026° 41.698' E, 00.1, 350° M, 10.6, 018° Port, 330° M, , 
18/08/2026, 20:22:28 UTC, 38° 19.080' N, 026° 41.698' E, 00.1, 352° M, 10.5, 027° Port, 336° M, , 
18/08/2026, 20:22:58 UTC, 38° 19.080' N, 026° 41.698' E, 00.1, 356° M, 11.5, 029° Port, 337° M, , 
18/08/2026, 20:23:28 UTC, 38° 19.080' N, 026° 41.698' E, 00.2, 357° M, 11.1, 040° Stbd, 339° M, , 
18/08/2026, 20:23:58 UTC, 38° 19.080' N, 026° 41.698' E, 00.3, 354° M, 09.6, 028° Port, 350° M, , 
18/08/2026, 20:24:29 UTC, 38° 19.080' N, 026° 41.698' E, 00.0, 351° M, 10.2, 034° Stbd, 337° M, , 
18/08/2026, 20:24:54 UTC, 38° 19.080' N, 026° 41.698' E, 00.1, 358° M, 09.3, 041° Port, 341° M, , 
18/08/2026, 20:25:19 UTC, 38° 19.080' N, 026° 41.698' E, 00.2, 350° M, 09.2, 053° Stbd, 352° M, , 
18/08/2026, 20:25:49 UTC, 38° 19.080' N, 026° 41.698' E, 00.2, 352° M, 09.3, 062° Stbd, 353° M, , 
18/08/2026, 20:26:21 UTC, 38° 19.080' N, 026° 41.698' E, 00.0, 353° M, 10.1, 037° Port, 340° M, , 
18/08/2026, 20:26:49 UTC, 38° 19.080' N, 026° 41.698' E, 00.1, 351° M, 09.0, 032° Stbd, 338° M, , 
18/08/2026, 20:27:19 UTC, 38° 19.080' N, 026° 41.698' E, 00.2, 358° M, 09.5, 029° Port, 335° M, , 
18/08/2026, 20:27:49 UTC, 38° 19.080' N, 026° 41.698' E, 00.2, 353° M, 09.7, 050° Port, 345° M, , 
18/08/2026, 20:28:19 UTC, 38° 19.080' N, 026° 41.698' E, 00.1, 359° M, 07.2, 031° Stbd, 353° M, , 
18/08/2026, 20:28:47 UTC, 38° 19.080' N, 026° 41.698' E, 00.2, 354° M, 09.5, 042° Stbd, 331° M, , 
18/08/2026, 20:29:18 UTC, 38° 19.080' N, 026° 41.698' E, 00.3, 353° M, 09.0, 045° Port, 350° M, , 
18/08/2026, 20:29:47 UTC, 38° 19.080' N, 026° 41.698' E, 00.1, 357° M, 08.0, 041° Port, 343° M, , 
18/08/2026, 20:30:15 UTC, 38° 19.080' N, 026° 41.698' E, 00.1, 355° M, 08.6, 036° Stbd, 347° M, , 
18/08/2026, 20:30:45 UTC, 38° 19.080' N, 026° 41.698' E, 00.2, 351° M, 08.0, 074° Port, 338° M, , 
18/08/2026, 20:31:16 UTC, 38° 19.080' N, 026° 41.698' E, 00.1, 350° M, 09.0, 036° Stbd, 350° M, , 
18/08/2026, 20:31:46 UTC, 38° 19.080' N, 026° 41.698' E, 00.2, 354° M, 07.0, 023° Stbd, 338° M, , 
18/08/2026, 20:32:03 UTC, 38° 19.080' N, 026° 41.698' E, 00.1, 350° M, 07.9, 031° Stbd, 349° M, , 
18/08/2026, 20:32:35 UTC, 38° 19.080' N, 026° 41.698' E, 00.1, 352° M, 10.1, 044° Port, 351° M, , 
18/08/2026, 20:33:05 UTC, 38° 19.080' N, 026° 41.698' E, 00.1, 353° M, 08.7, 014° Stbd, 344° M, , 
18/08/2026, 20:33:38 UTC, 38° 19.080' N, 026° 41.698' E, 00.2, 352° M, 09.3, 039° Port, 358° M, , 
18/08/2026, 20:34:03 UTC, 38° 19.080' N, 026° 41.698' E, 00.1, 358° M, 08.7, 028° Port, 341° M, , 
18/08/2026, 20:34:20 UTC, 38° 19.080' N, 026° 41.698' E, 00.0, 351° M, 08.6, 028° Port, 356° M, , 
18/08/2026, 20:34:50 UTC, 38° 19.080' N, 026° 41.698' E, 00.3, 355° M, 06.7, 014° Port, 350° M, , 
18/08/2026, 20:35:20 UTC, 38° 19.080' N, 026° 41.698' E, 00.1, 354° M, 06.6, 060° Port, 343° M, , 
18/08/2026, 20:35:52 UTC, 38° 19.080' N, 026° 41.698' E, 00.3, 354° M, 09.1, 018° Port, 343° M, , 
18/08/2026, 20:36:09 UTC, 38° 19.080' N, 026° 41.698' E, 00.0, 357° M, 06.6, 037° Port, 350° M, , 
18/08/2026, 20:36:40 UTC, 38° 19.080' N, 026° 41.698' E, 00.2, 353° M, 07.6, 007° Stbd, 348° M, , 
18/08/2026, 20:37:09 UTC, 38° 19.080' N, 026° 41.698' E, 00.3, 353° M, 06.1, 047° Port, 348° M, , 
18/08/2026, 20:37:34 UTC, 38° 19.080' N, 026° 41.698' E, 00.3, 357° M, 09.0, 002° Stbd, 346° M, , 
18/08/2026, 20:38:03 UTC, 38° 19.080' N, 026° 41.698' E, 00.0, 350° M, 04.3, 062° Port, 338° M, , 
18/08/2026, 20:38:33 UTC, 38° 19.080' N, 026° 41.698' E, 00.1, 355° M, 08.2, 017° Stbd, 359° M, , 
18/08/2026, 20:39:01 UTC, 38° 19.080' N, 026° 41.698' E, 00.2, 356° M, 06.3, 000° Stbd, 347° M, , 
18/08/2026, 20:39:29 UTC, 38° 19.080' N, 026° 41.698' E, 00.1, 353° M, 07.0, 058° Stbd, 347° M, , 
18/08/2026, 20:39:59 UTC, 38° 19.080' N, 026° 41.698' E, 00.3, 357° M, 07.7, 055° Port, 000° M, , 
18/08/2026, 20:40:29 UTC, 38° 19.080' N, 026° 41.698' E, 00.3, 350° M, 06.9, 017° Port, 337° M, , 
18/08/2026, 20:41:01 UTC, 38° 19.080' N, 026° 41.698' E, 00.1, 350° M, 06.9, 052° Port, 339° M, , 
18/08/2026, 20:41:32 UTC, 38° 19.080' N, 026° 41.698' E, - - - - -, - - - - -, 06.2, 051° Port, 352° M, , 
18/08/2026, 20:42:04 UTC, 38° 19.080' N, 026° 41.698' E, 00.3, 359° M, 06.0, 021° Port, 353° M, , 
18/08/2026, 20:42:34 UTC, 38° 19.080' N, 026° 41.698' E, - - - - -, - - - - -, 06.6, 001° Stbd, 357° M, , 
18/08/2026, 20:42:59 UTC, 38° 19.080' N, 026° 41.698' E, 00.1, 352° M, 03.7, 026° Port, 346° M, , 
18/08/2026, 20:43:30 UTC, 38° 19.080' N, 026° 41.698' E, 00.2, 351° M, 07.6, 020° Stbd, 349° M, , 
18/08/2026, 20:44:00 UTC, 38° 19.080' N, 026° 41.698' E, 00.0, 352° M, 07.2, 020° Stbd, 351° M, , 
18/08/2026, 20:44:31 UTC, 38° 19.080' N, 026° 41.698' E, 00.2, 350° M, 06.5, 027° Stbd, 346° M, , 
18/08/2026, 20:45:01 UTC, 38° 19.080' N, 026° 41.698' E, 00.1, 355° M, 07.2, 032° Stbd, 338° M, , 
18/08/2026, 20:45:31 UTC, 38° 19.080' N, 026° 41.698' E, 00.2, 358° M, 05.4, 008° Port, 356° M, , 
18/08/2026, 20:46:03 UTC, 38° 19.080' N, 026° 41.698' E, 00.2, 354° M, 04.6, 045° Stbd, 351° M, , 
18/08/2026, 20:46:33 UTC, 38° 19.080' N, 026° 41.698' E, 00.1, 356° M, 04.6, 044° Port, 344° M, , 
18/08/2026, 20:47:06 UTC, 38° 19.080' N, 026° 41.698' E, - - - - -, - - - - -, 06.5, 064° Stbd, 346° M, , 
18/08/2026, 20:47:35 UTC, 38° 19.080' N, 026° 41.698' E, 00.0, 354° M, 04.3, 047° Stbd, 353° M, , 
18/08/2026, 20:48:07 UTC, 38° 19.080' N, 026° 41.698' E, 00.1, 351° M, 06.0, 066° Stbd, 002° M, , 
18/08/2026, 20:48:32 UTC, 38° 19.080' N, 026° 41.698' E, 00.1, 354° M, 04.2, 056° Stbd, 349° M, , 
18/08/2026, 20:49:02 UTC, 38° 19.080' N, 026° 41.698' E, - - - - -, - - - - -, 04.7, 001° Port, 004° M, , 
18/08/2026, 20:49:32 UTC, 38° 19.080' N, 026° 41.698' E, - - - - -, - - - - -, 04.6, 070° Stbd, 351° M, , 
18/08/2026, 20:49:57 UTC, 38° 19.080' N, 026° 41.698' E, 00.1, 350° M, 06.1, 028° Stbd, 343° M, , 
18/08/2026, 20:50:30 UTC, 38° 19.080' N, 026° 41.698' E, 00.1, 353° M, 05.6, 035° Port, 357° M, , 
18/08/2026, 20:51:00 UTC, 38° 19.080' N, 026° 41.698' E, 00.2, 358° M, 06.5, 031° Stbd, 358° M, , 
18/08/2026, 20:51:31 UTC, 38° 19.080' N, 026° 41.698' E, 00.3, 355° M, 06.1, 010° Port, 349° M, , 
18/08/2026, 20:52:00 UTC, 38° 19.080' N, 026° 41.698' E, 00.1, 350° M, 05.6, 005° Port, 347° M, , 
18/08/2026, 20:52:30 UTC, 38° 19.080' N, 026° 41.698' E, 00.1, 357° M, 03.1, 026° Stbd, 356° M, , 
18/08/2026, 20:52:59 UTC, 38° 19.080' N, 026° 41.698' E, 00.1, 359° M, 04.3, 071° Port, 007° M, , 
18/08/2026, 20:53:29 UTC, 38° 19.080' N, 026° 41.698' E, 00.1, 358° M, 03.5, 042° Stbd, 009° M, , 
18/08/2026, 20:53:59 UTC, 38° 19.080' N, 026° 41.698' E, 00.0, 359° M, 04.6, 062° Port, 354° M, , 
18/08/2026, 20:54:29 UTC, 38° 19.080' N, 026° 41.698' E, 00.2, 359° M, 04.5, 056° Port, 354° M, , 
18/08/2026, 20:55:01 UTC, 38° 19.080' N, 026° 41.698' E, 00.3, 352° M, 05.3, 007° Stbd, 349° M, , 
18/08/2026, 20:55:18 UTC, 38° 19.080' N, 026° 41.698' E, 00.3, 351° M, 04.5, 036° Stbd, 002° M, , 
18/08/2026, 20:55:48 UTC, 38° 19.080' N, 026° 41.698' E, 00.1, 352° M, 03.7, 023° Port, 002° M, , 
18/08/2026, 20:56:17 UTC, 38° 19.080' N, 026° 41.698' E, 00.1, 352° M, 03.1, 056° Stbd, 338° M, , 
18/08/2026, 20:56:47 UTC, 38° 19.080' N, 026° 41.698' E, 00.1, 352° M, 02.1, 041° Port, 335° M, , 
18/08/2026, 20:57:17 UTC, 38° 19.080' N, 026° 41.698' E, 00.1, 350° M, 03.3, 038° Stbd, 343° M, , 
18/08/2026, 20:57:45 UTC, 38° 19.080' N, 026° 41.698' E, 00.1, 359° M, 01.4, 028° Stbd, 353° M, , 
18/08/2026, 20:58:17 UTC, 38° 19.080' N, 026° 41.698' E, 00.2, 350° M, 05.2, 006° Port, 357° M, , 
18/08/2026, 20:58:47 UTC, 38° 19.080' N, 026° 41.698' E, 00.1, 358° M, 03.6, 034° Port, 355° M, , 
18/08/2026, 20:59:17 UTC, 38° 19.080' N, 026° 41.698' E, 00.1, 351° M, 02.3, 033° Port, 358° M, , 
18/08/2026, 20:59:47 UTC, 38° 19.080' N, 026° 41.698' E, 00.3, 355° M, 04.1, 011° Port, 352° M, , 
18/08/2026, 21:00:19 UTC, 38° 19.080' N, 026° 41.698' E, 00.3, 351° M, 04.0, 030° Stbd, 356° M, , 
18/08/2026, 21:00:36 UTC, 38° 19.080' N, 026° 41.698' E, 00.1, 350° M, 01.0, 009° Port, 346° M, , 
18/08/2026, 21:01:06 UTC, 38° 19.080' N, 026° 41.698' E, - - - - -, - - - - -, 03.0, 015° Stbd, 353° M, , 
18/08/2026, 21:01:36 UTC, 38° 19.080' N, 026° 41.698' E, 00.1, 357° M, 02.6, 070° Stbd, 352° M, , 
18/08/2026, 21:02:06 UTC, 38° 19.080' N, 026° 41.698' E, 00.0, 352° M, 02.1, 056° Port, 358° M, , 
18/08/2026, 21:02:38 UTC, 38° 19.080' N, 026° 41.698' E, 00.2, 358° M, 04.7, 057° Stbd, 359° M, , 
18/08/2026, 21:03:10 UTC, 38° 19.080' N, 026° 41.698' E, 00.1, 359° M, 02.3, 060° Port, 359° M, , 
18/08/2026, 21:03:40 UTC, 38° 19.080' N, 026° 41.698' E, 00.2, 353° M, 02.3, 035° Port, 351° M, , 
18/08/2026, 21:04:05 UTC, 38° 19.080' N, 026° 41.698' E, 00.3, 356° M, 03.2, 014° Port, 351° M, , 
18/08/2026, 21:04:37 UTC, 38° 19.080' N, 026° 41.698' E, 00.2, 358° M, 04.7, 088° Port, 347° M, , 
18/08/2026, 21:05:09 UTC, 38° 19.080' N, 026° 41.698' E, 00.3, 350° M, 02.4, 006° Stbd, 007° M, , 
18/08/2026, 21:05:40 UTC, 38° 19.080' N, 026° 41.698' E, 00.2, 359° M, 02.7, 016° Stbd, 355° M, , 
18/08/2026, 21:06:10 UTC, 38° 19.080' N, 026° 41.698' E, 00.2, 354° M, 03.7, 038° Port, 008° M, , 
18/08/2026, 21:06:27 UTC, 38° 19.080' N, 026° 41.698' E, 00.2, 353° M, 01.8, 052° Stbd, 002° M, , 
18/08/2026, 21:06:59 UTC, 38° 19.080' N, 026° 41.698' E, 00.2, 350° M, 00.9, 056° Port, 005° M, , 
18/08/2026, 21:07:32 UTC, 38° 19.080' N, 026° 41.698' E, 00.2, 350° M, 03.9, 016° Port, 357° M, , 
18/08/2026, 21:07:49 UTC, 38° 19.080' N, 026° 41.698' E, 00.1, 351° M, 04.8, 025° Stbd, 354° M, , 
18/08/2026, 21:08:20 UTC, 38° 19.080' N, 026° 41.698' E, 00.3, 355° M, 04.9, 050° Stbd, 354° M, , 
18/08/2026, 21:08:50 UTC, 38° 19.080' N, 026° 41.698' E, 00.2, 352° M, 03.2, 035° Stbd, 348° M, , 
18/08/2026, 21:09:21 UTC, 38° 19.080' N, 026° 41.698' E, 00.2, 359° M, 02.5, 013° Port, 351° M, , 
18/08/2026, 21:09:52 UTC, 38° 19.080' N, 026° 41.698' E, 00.3, 359° M, 01.0, 042° Stbd, 347° M, , 
18/08/2026, 21:10:23 UTC, 38° 19.080' N, 026° 41.698' E, 00.0, 354° M, 04.1, 018° Port, 357° M, , 
18/08/2026, 21:10:48 UTC, 38° 19.080' N, 026° 41.698' E, 00.3, 354° M, 01.1, 043° Stbd, 357° M, , 
18/08/2026, 21:11:20 UTC, 38° 19.080' N, 026° 41.698' E, 00.2, 353° M, 03.3, 030° Port, 010° M, , 
18/08/2026, 21:11:49 UTC, 38° 19.080' N, 026° 41.698' E, 00.1, 355° M, 02.9, 028° Stbd, 005° M, , 
18/08/2026, 21:12:19 UTC, 38° 19.080' N, 026° 41.698' E, 00.1, 355° M, 04.0, 020° Port, 000° M, , 
18/08/2026, 21:12:52 UTC, 38° 19.080' N, 026° 41.698' E, 00.0, 350° M, 01.7, 043° Port, 356° M, , 
18/08/2026, 21:13:25 UTC, 38° 19.080' N, 026° 41.698' E, 00.1, 357° M, 03.5, 042° Port, 357° M, , 
18/08/2026, 21:13:42 UTC, 38° 19.080' N, 026° 41.698' E, - - - - -, - - - - -, 03.4, 005° Port, 348° M, , 
18/08/2026, 21:14:12 UTC, 38° 19.080' N, 026° 41.698' E, 00.2, 353° M, 00.9, 020° Port, 002° M, , 
18/08/2026, 21:14:29 UTC, 38° 19.080' N, 026° 41.698' E, 00.0, 359° M, 05.2, 048° Stbd, 353° M, , 
18/08/2026, 21:14:59 UTC, 38° 19.080' N, 026° 41.698' E, 00.3, 353° M, 04.3, 030° Stbd, 350° M, , 
18/08/2026, 21:15:31 UTC, 38° 19.080' N, 026° 41.698' E, 00.0, 355° M, 04.5, 057° Port, 000° M, , 
18/08/2026, 21:16:01 UTC, 38° 19.080' N, 026° 41.698' E, 00.2, 355° M, 03.5, 057° Port, 002° M, , 
18/08/2026, 21:16:30 UTC, 38° 19.080' N, 026° 41.698' E, 00.1, 352° M, 06.2, 007° Port, 002° M, , 
18/08/2026, 21:16:55 UTC, 38° 19.080' N, 026° 41.698' E, 00.1, 358° M, 03.6, 026° Stbd, 005° M, , 
18/08/2026, 21:17:26 UTC, 38° 19.080' N, 026° 41.698' E, 00.1, 352° M, 04.3, 003° Port, 359° M, , 
18/08/2026, 21:17:56 UTC, 38° 19.080' N, 026° 41.698' E, 00.3, 359° M, 04.2, 053° Port, 000° M, , 
18/08/2026, 21:18:26 UTC, 38° 19.080' N, 026° 41.698' E, 00.1, 352° M, 05.1, 048° Stbd, 354° M, , 
18/08/2026, 21:18:56 UTC, 38° 19.080' N, 026° 41.698' E, 00.1, 355° M, 05.0, 025° Stbd, 353° M, , 
18/08/2026, 21:19:21 UTC, 38° 19.080' N, 026° 41.698' E, 00.1, 353° M, 03.2, 061° Stbd, 003° M, , 
18/08/2026, 21:19:50 UTC, 38° 19.080' N, 026° 41.698' E, 00.2, 357° M, 03.4, 040° Stbd, 012° M, , 
18/08/2026, 21:20:20 UTC, 38° 19.080' N, 026° 41.698' E, 00.3, 351° M, 05.1, 028° Stbd, 358° M, , 
18/08/2026, 21:20:48 UTC, 38° 19.080' N, 026° 41.698' E, 00.1, 350° M, 02.4, 038° Port, 356° M, , 
18/08/2026, 21:21:21 UTC, 38° 19.080' N, 026° 41.698' E, 00.1, 352° M, 05.7, 046° Stbd, 346° M, , 
18/08/2026, 21:21:50 UTC, 38° 19.080' N, 026° 41.698' E, 00.1, 359° M, 05.6, 044° Port, 011° M, , 
18/08/2026, 21:22:07 UTC, 38° 19.080' N, 026° 41.698' E, 00.3, 354° M, 03.4, 032° Stbd, 006° M, , 
18/08/2026, 21:22:37 UTC, 38° 19.080' N, 026° 41.698' E, 00.1, 359° M, 06.0, 051° Stbd, 007° M, , 
18/08/2026, 21:23:02 UTC, 38° 19.080' N, 026° 41.698' E, 00.1, 350° M, 04.4, 030° Stbd, 354° M, , 
18/08/2026, 21:23:30 UTC, 38° 19.080' N, 026° 41.698' E, 00.2, 356° M, 03.6, 020° Stbd, 001° M, , 
18/08/2026, 21:24:00 UTC, 38° 19.080' N, 026° 41.698' E, - - - - -, - - - - -, 05.8, 037° Stbd, 000° M, , 
18/08/2026, 21:24:31 UTC, 38° 19.080' N, 026° 41.698' E, 00.0, 353° M, 04.8, 028° Port, 015° M, , 
18/08/2026, 21:25:02 UTC, 38° 19.080' N, 026° 41.698' E, 00.3, 351° M, 04.4, 044° Stbd, 004° M, , 
18/08/2026, 21:25:31 UTC, 38° 19.080' N, 026° 41.698' E, 00.1, 352° M, 03.3, 028° Stbd, 004° M, , 
18/08/2026, 21:25:59 UTC, 38° 19.080' N, 026° 41.698' E, 00.2, 356° M, 06.0, 027° Stbd, 004° M, , 
18/08/2026, 21:26:28 UTC, 38° 19.080' N, 026° 41.698' E, 00.1, 350° M, 06.1, 054° Port, 355° M, , 
18/08/2026, 21:26:59 UTC, 38° 19.080' N, 026° 41.698' E, 00.1, 353° M, 05.4, 027° Stbd, 355° M, , 
18/08/2026, 21:27:31 UTC, 38° 19.080' N, 026° 41.698' E, 00.3, 350° M, 05.7, 044° Port, 019° M, , 
18/08/2026, 21:28:00 UTC, 38° 19.080' N, 026° 41.698' E, 00.0, 359° M, 05.3, 005° Stbd, 000° M, , 
18/08/2026, 21:28:33 UTC, 38° 19.080' N, 026° 41.698' E, 00.0, 351° M, 05.4, 044° Port, 005° M, , 
18/08/2026, 21:29:03 UTC, 38° 19.080' N, 026° 41.698' E, 00.2, 357° M, 04.5, 004° Port, 012° M, , 
18/08/2026, 21:29:33 UTC, 38° 19.080' N, 026° 41.698' E, 00.1, 354° M, 07.4, 085° Port, 003° M, , 
18/08/2026, 21:30:04 UTC, 38° 19.080' N, 026° 41.698' E, 00.2, 357° M, 06.7, 037° Port, 000° M, , 
18/08/2026, 21:30:35 UTC, 38° 19.080' N, 026° 41.698' E, 00.2, 355° M, 05.8, 042° Port, 355° M, , 
18/08/2026, 21:31:05 UTC, 38° 19.080' N, 026° 41.698' E, 00.3, 352° M, 07.0, 028° Port, 006° M, , 
18/08/2026, 21:31:35 UTC, 38° 19.080' N, 026° 41.698' E, - - - - -, - - - - -, 06.6, 021° Stbd, 009° M, , 
18/08/2026, 21:32:03 UTC, 38° 19.080' N, 026° 41.698' E, 00.1, 354° M, 05.3, 023° Port, 013° M, , 
18/08/2026, 21:32:20 UTC, 38° 19.080' N, 026° 41.698' E, 00.2, 353° M, 05.5, 017° Port, 004° M, , 
18/08/2026, 21:32:52 UTC, 38° 19.080' N, 026° 41.698' E, 00.3, 350° M, 05.6, 019° Stbd, 005° M, , 
18/08/2026, 21:33:21 UTC, 38° 19.080' N, 026° 41.698' E, 00.1, 358° M, 05.2, 054° Port, 019° M, , 
18/08/2026, 21:33:52 UTC, 38° 19.080' N, 026° 41.698' E, 00.3, 357° M, 07.9, 046° Stbd, 000° M, , 
18/08/2026, 21:34:22 UTC, 38° 19.080' N, 026° 41.698' E, 00.1, 356° M, 07.1, 040° Stbd, 006° M, , 
18/08/2026, 21:34:54 UTC, 38° 19.080' N, 026° 41.698' E, 00.2, 350° M, 06.3, 043° Stbd, 001° M, , 
18/08/2026, 21:35:24 UTC, 38° 19.080' N, 026° 41.698' E, 00.0, 353° M, 05.6, 012° Port, 007° M, , 
18/08/2026, 21:35:55 UTC, 38° 19.080' N, 026° 41.698' E, 00.0, 352° M, 05.6, 014° Stbd, 017° M, , 
18/08/2026, 21:36:25 UTC, 38° 19.080' N, 026° 41.698' E, 00.0, 352° M, 06.0, 041° Port, 003° M, , 
18/08/2026, 21:36:57 UTC, 38° 19.080' N, 026° 41.698' E, 00.2, 353° M, 06.2, 054° Stbd, 005° M, , 
18/08/2026, 21:37:30 UTC, 38° 19.080' N, 026° 41.698' E, 00.3, 353° M, 05.4, 009° Port, 000° M, , 
18/08/2026, 21:38:03 UTC, 38° 19.080' N, 026° 41.698' E, 00.2, 351° M, 04.1, 050° Port, 004° M, , 
18/08/2026, 21:38:36 UTC, 38° 19.080' N, 026° 41.698' E, 00.1, 356° M, 07.8, 055° Stbd, 018° M, , 
18/08/2026, 21:39:04 UTC, 38° 19.080' N, 026° 41.698' E, 00.2, 357° M, 07.3, 031° Port, 008° M, , 
18/08/2026, 21:39:33 UTC, 38° 19.080' N, 026° 41.698' E, 00.2, 358° M, 06.6, 008° Port, 002° M, , 
18/08/2026, 21:40:03 UTC, 38° 19.080' N, 026° 41.698' E, 00.1, 357° M, 05.8, 014° Port, 018° M, , 
18/08/2026, 21:40:36 UTC, 38° 19.080' N, 026° 41.698' E, 00.2, 357° M, 05.3, 015° Port, 013° M, , 
18/08/2026, 21:41:01 UTC, 38° 19.080' N, 026° 41.698' E, - - - - -, - - - - -, 06.9, 004° Port, 008° M, , 
18/08/2026, 21:41:34 UTC, 38° 19.080' N, 026° 41.698' E, 00.2, 350° M, 05.5, 054° Stbd, 000° M, , 
18/08/2026, 21:42:04 UTC, 38° 19.080' N, 026° 41.698' E, 00.3, 358° M, 06.1, 040° Stbd, 008° M, , 
18/08/2026, 21:42:21 UTC, 38° 19.080' N, 026° 41.698' E, 00.1, 352° M, 06.5, 051° Stbd, 008° M, , 
18/08/2026, 21:42:53 UTC, 38° 19.080' N, 026° 41.698' E, 00.2, 353° M, 06.7, 032° Stbd, 015° M, , 
18/08/2026, 21:43:26 UTC, 38° 19.080' N, 026° 41.698' E, 00.3, 359° M, 06.4, 042° Stbd, 021° M, , 
18/08/2026, 21:43:59 UTC, 38° 19.080' N, 026° 41.698' E, 00.3, 351° M, 04.6, 028° Port, 005° M, , 
18/08/2026, 21:44:29 UTC, 38° 19.080' N, 026° 41.698' E, 00.1, 357° M, 05.9, 043° Port, 003° M, , 
18/08/2026, 21:44:54 UTC, 38° 19.080' N, 026° 41.698' E, - - - - -, - - - - -, 04.4, 067° Port, 009° M, , 
18/08/2026, 21:45:24 UTC, 38° 19.080' N, 026° 41.698' E, 00.1, 352° M, 04.7, 046° Stbd, 005° M, , 
18/08/2026, 21:45:52 UTC, 38° 19.080' N, 026° 41.698' E, 00.2, 357° M, 07.1, 060° Stbd, 012° M, , 
18/08/2026, 21:46:22 UTC, 38° 19.080' N, 026° 41.698' E, 00.1, 358° M, 07.0, 003° Port, 359° M, , 
18/08/2026, 21:46:39 UTC, 38° 19.080' N, 026° 41.698' E, 00.2, 355° M, 05.5, 007° Port, 011° M, , 
18/08/2026, 21:47:07 UTC, 38° 19.080' N, 026° 41.698' E, 00.2, 356° M, 06.5, 026° Stbd, 014° M, , 
18/08/2026, 21:47:24 UTC, 38° 19.080' N, 026° 41.698' E, 00.2, 359° M, 03.9, 054° Port, 015° M, , 
18/08/2026, 21:47:55 UTC, 38° 19.080' N, 026° 41.698' E, 00.1, 358° M, 07.7, 017° Stbd, 012° M, , 
18/08/2026, 21:48:12 UTC, 38° 19.080' N, 026° 41.698' E, 00.0, 350° M, 05.4, 065° Stbd, 014° M, , 
18/08/2026, 21:48:44 UTC, 38° 19.080' N, 026° 41.698' E, 00.2, 359° M, 06.8, 053° Port, 024° M, , 
18/08/2026, 21:49:12 UTC, 38° 19.080' N, 026° 41.698' E, 00.1, 350° M, 05.4, 044° Port, 023° M, , 
18/08/2026, 21:49:41 UTC, 38° 19.080' N, 026° 41.698' E, 00.0, 354° M, 07.1, 008° Port, 000° M, , 
18/08/2026, 21:50:11 UTC, 38° 19.080' N, 026° 41.698' E, 00.1, 352° M, 06.9, 058° Stbd, 026° M, , 
18/08/2026, 21:50:43 UTC, 38° 19.080' N, 026° 41.698' E, 00.2, 358° M, 05.7, 049° Stbd, 016° M, , 
18/08/2026, 21:51:08 UTC, 38° 19.080' N, 026° 41.698' E, 00.3, 358° M, 04.9, 041° Port, 357° M, , 
18/08/2026, 21:51:33 UTC, 38° 19.080' N, 026° 41.698' E, 00.0, 356° M, 05.3, 022° Port, 025° M, , 
18/08/2026, 21:52:03 UTC, 38° 19.080' N, 026° 41.698' E, 00.1, 357° M, 04.4, 027° Port, 000° M, , 
18/08/2026, 21:52:32 UTC, 38° 19.080' N, 026° 41.698' E, 00.2, 355° M, 07.1, 026° Port, 023° M, , 
18/08/2026, 21:53:00 UTC, 38° 19.080' N, 026° 41.698' E, 00.1, 358° M, 05.6, 032° Port, 021° M, , 
18/08/2026, 21:53:28 UTC, 38° 19.080' N, 026° 41.698' E, 00.1, 352° M, 05.7, 040° Port, 012° M, , 
18/08/2026, 21:53:58 UTC, 38° 19.080' N, 026° 41.698' E, 00.3, 351° M, 06.3, 015° Port, 003° M, , 
18/08/2026, 21:54:27 UTC, 38° 19.080' N, 026° 41.698' E, 00.0, 357° M, 03.1, 036° Stbd, 024° M, , 
18/08/2026, 21:55:00 UTC, 38° 19.080' N, 026° 41.698' E, 00.1, 358° M, 04.5, 048° Stbd, 003° M, , 
18/08/2026, 21:55:30 UTC, 38° 19.080' N, 026° 41.698' E, 00.3, 354° M, 04.8, 029° Port, 012° M, , 
18/08/2026, 21:56:03 UTC, 38° 19.080' N, 026° 41.698' E, 00.2, 350° M, 03.7, 028° Port, 014° M, , 
18/08/2026, 21:56:36 UTC, 38° 19.080' N, 026° 41.698' E, 00.1, 355° M, 03.1, 058° Port, 033° M, , 
18/08/2026, 21:57:07 UTC, 38° 19.080' N, 026° 41.698' E, 00.2, 352° M, 03.2, 022° Stbd, 013° M, , 
18/08/2026, 21:57:37 UTC, 38° 19.080' N, 026° 41.698' E, 00.2, 355° M, 04.8, 034° Stbd, 007° M, , 
18/08/2026, 21:58:02 UTC, 38° 19.080' N, 026° 41.698' E, 00.2, 352° M, 05.2, 035° Stbd, 005° M, , 
18/08/2026, 21:58:31 UTC, 38° 19.080' N, 026° 41.698' E, 00.1, 357° M, 03.3, 044° Port, 020° M, , 
18/08/2026, 21:59:01 UTC, 38° 19.080' N, 026° 41.698' E, 00.2, 350° M, 04.7, 004° Port, 021° M, , 
18/08/2026, 21:59:31 UTC, 38° 19.080' N, 026° 41.698' E, 00.1, 351° M, 05.3, 009° Port, 020° M, , 
